id,parent,value,name,color
0,,2,WB,#FA0087
1.001,0,1,IT-ET Glut,#61e2a4
1.002,0,1,NP-CT-L6b Glut,#16f2f2
1.003,0,1,DG-IMN Glut,#B199FF
1.004,0,1,LSX GABA,#3283FE
1.005,0,1,CNU-HYa GABA,#450099
1.006,0,1,HY GABA,#FF6600
1.007,0,1,CNU-HYa Glut,#90E0EF
1.008,0,1,HY Glut,#AA0DFE
1.009,0,1,HY Gnrh1 Glut,#F28266
1.01,0,1,HY MM Glut,#01d669
1.011,0,1,MH-LH Glut,#FAA307
1.012,0,1,TH Glut,#0D47A1
1.013,0,1,MB Glut,#007200
1.014,0,1,MB GABA,#9EF01A
1.015,0,1,MB Dopa,#EC4067
1.016,0,1,P Glut,#6b5ca5
1.017,0,1,MY Glut,#F0A0FF
1.018,0,1,Pineal Glut,#086375
1.019,0,1,P GABA,#72195a
1.02,0,1,MY GABA,#0096C7
1.021,0,1,CB GABA,#FFFB46
1.022,0,1,CB Glut,#9D0208
1.023,0,1,Astro-Epen,#594a26
1.024,0,1,OPC-Oligo,#03045E
1.025,0,1,OEC,#996B2E
1.026,0,1,Vascular,#858881
1.027,0,1,Immune,#64c2fc
2.001,1.001,0.5,CLA-EPd-CTX Car3 Glut,#1F665D
2.002,1.001,0.5,IT EP-CLA Glut,#C0FF4D
2.003,1.001,0.5,L6 IT CTX Glut,#660F38
2.004,1.001,0.5,L5 IT CTX Glut,#FF004B
2.005,1.001,0.5,IT AON-TT-DP Glut,#3DCCB7
2.006,1.001,0.5,L2 IT ENT-po Glut,#456C99
2.007,1.001,0.5,MEA Slc17a7 Glut,#61CC5C
2.008,1.001,0.5,COAp Grxcr2 Glut,#BBFF73
2.009,1.001,0.5,LA-BLA-BMA-PA Glut,#B6CC7A
2.01,1.001,0.5,ENTmv-PA-COAp Glut,#0F3466
2.011,1.001,0.5,CA1-ProS Glut,#C973FF
2.012,1.001,0.5,CA3 Glut,#0F6632
2.013,1.001,0.5,L2 IT PPP-APr Glut,#FFF226
2.014,1.001,0.5,L4 RSP-ACA Glut,#99A2FF
2.015,1.001,0.5,L5 ET CTX Glut,#FF9999
2.016,1.001,0.5,SUB-ProS Glut,#6B995C
2.017,1.001,0.5,L5 PPP Glut,#FF7391
2.018,1.001,0.5,CA2-FC-IG Glut,#FFD573
2.019,1.001,0.5,NLOT Rho Glut,#CC827A
2.02,1.002,0.5,L6b EPd Glut,#9EFF99
2.021,1.002,0.5,L6b CTX Glut,#34661F
2.022,1.002,0.5,L6 CT CTX Glut,#440066
2.023,1.002,0.5,CT SUB Glut,#7B7ACC
2.024,1.002,0.5,L5 NP CTX Glut,#99CAFF
2.025,1.002,0.5,NP SUB Glut,#B8FF26
2.026,1.002,0.5,NP PPP Glut,#CC2400
2.027,1.003,0.5,DG Glut,#3D53CC
2.028,1.003,0.5,DG-PIR Ex IMN,#006649
2.029,1.004,0.5,LSX Sall3 Pax6 Gaba,#229917
2.03,1.004,0.5,LSX Otx2 Gaba,#CCA43D
2.031,1.004,0.5,LSX Nkx2-1 Gaba,#0067FF
2.032,1.004,0.5,LSX Prdm12 Zeb2 Gaba,#1F6625
2.033,1.004,0.5,LSX Prdm12 Slit2 Gaba,#00FFD0
2.034,1.004,0.5,LSX Sall3 Lmo1 Gaba,#66360F
2.035,1.005,0.5,MEA-BST Sox6 Gaba,#FCFF4D
2.036,1.005,0.5,MEA-BST Lhx6 Sp9 Gaba,#995C70
2.037,1.005,0.5,MEA-BST Lhx6 Nr2e1 Gaba,#990063
2.038,1.005,0.5,MEA-BST Lhx6 Nfib Gaba,#2E6637
2.039,1.005,0.5,CEA-BST Gal Avp Gaba,#5CBCCC
2.04,1.005,0.5,SI-MA-ACB Ebf1 Bnc2 Gaba,#73C1FF
2.041,1.005,0.5,CEA-BST Six3 Cyp26b1 Gaba,#FF4026
2.042,1.005,0.5,ACB-BST-FS D1 Gaba,#26FFAD
2.043,1.005,0.5,SI-MPO-LPO Lhx8 Gaba,#FF004F
2.044,1.005,0.5,MPO-ADP Lhx8 Gaba,#26C2FF
2.045,1.005,0.5,MPN-MPO-LPO Lhx6 Zfhx3 Gaba,#71FF4D
2.046,1.005,0.5,BST Tac2 Gaba,#2E664D
2.047,1.006,0.5,TMv-PMv Tbx3 Hist-Gaba,#CCB65C
2.048,1.006,0.5,RT-ZI Gnb3 Gaba,#FFBC4D
2.049,1.006,0.5,SCH Six6 Cdc14a Gaba,#179972
2.05,1.006,0.5,DMH Prdm13 Gaba,#3B1FCC
2.051,1.006,0.5,PVHd Gsc Gaba,#2E3D66
2.052,1.006,0.5,PVHd-SBPV Six3 Prox1 Gaba,#553D66
2.053,1.006,0.5,AHN Onecut3 Gaba,#73FFCF
2.054,1.006,0.5,ZI Pax6 Gaba,#992A00
2.055,1.006,0.5,DMH-LHA Gsx1 Gaba,#73F8FF
2.056,1.006,0.5,PVHd-DMH Lhx6 Gaba,#2E0F66
2.057,1.006,0.5,TU-ARH Otp Six6 Gaba,#3DCC9E
2.058,1.006,0.5,TMd-DMH Foxd2 Gaba,#3D4566
2.059,1.006,0.5,PVpo-VMPO-MPN Hmx2 Gaba,#FFB473
2.06,1.006,0.5,DMH Hmx2 Gaba,#CC3D76
2.061,1.006,0.5,ARH-PVp Tbx3 Gaba,#664DFF
2.062,1.006,0.5,LGv-ZI Otx2 Gaba,#973DCC
2.063,1.007,0.5,BST-po Iigp1 Glut,#500F66
2.064,1.007,0.5,TRS-BAC Sln Glut,#660F5A
2.065,1.007,0.5,MEA-COA-BMA Ccdc42 Glut,#EDFF99
2.066,1.007,0.5,COAa-PAA-MEA Barhl2 Glut,#1F6641
2.067,1.007,0.5,MS-SF Bsx Glut,#1100CC
2.068,1.007,0.5,AVPV-MEPO-SFO Tbr1 Glut,#5C9995
2.069,1.007,0.5,LHA Barhl2 Glut,#00CC6A
2.07,1.007,0.5,ADP-MPO Trp73 Glut,#352E66
2.071,1.007,0.5,SI-MA-LPO-LHA Skor1 Glut,#1FCCCA
2.072,1.007,0.5,LHA-MEA Otp Glut,#FF73C8
2.073,1.008,0.5,DMH Nkx2-4 Glut,#CC1F92
2.074,1.008,0.5,MPN-MPO-PVpo Hmx2 Glut,#2F6600
2.075,1.008,0.5,DMH Hmx2 Glut,#CC4B1F
2.076,1.008,0.5,ARH-PVp Tbx3 Glut,#391799
2.077,1.008,0.5,DMH-LHA Vgll2 Glut,#00CBFF
2.078,1.008,0.5,VMH Fezf1 Glut,#5CCCB1
2.079,1.008,0.5,VMH Nr5a1 Glut,#B100CC
2.08,1.008,0.5,LHA Pmch Glut,#603DCC
2.081,1.008,0.5,PVH-SO-PVa Otp Glut,#CC0048
2.082,1.008,0.5,STN-PSTN Pitx2 Glut,#3D5566
2.083,1.008,0.5,PMv-TMv Pitx2 Glut,#66441F
2.084,1.008,0.5,PH-an Pitx2 Glut,#5C6D99
2.085,1.008,0.5,PH Pitx2 Glut,#7C2E99
2.086,1.008,0.5,PH-LHA Foxb1 Glut,#5C9965
2.087,1.008,0.5,PMd-LHA Foxb1 Glut,#991793
2.088,1.008,0.5,PH-SUM Foxa1 Glut,#7A9ACC
2.089,1.009,0.5,HY Gnrh1 Glut,#66662E
2.09,1.01,0.5,MM-ant Foxb1 Glut,#FF2677
2.091,1.01,0.5,MM Foxb1 Glut,#3D8ACC
2.092,1.011,0.5,MH Tac2 Glut,#CC7A9D
2.093,1.011,0.5,LH Pou4f1 Sox1 Glut,#FF7383
2.094,1.012,0.5,AD Serpinb7 Glut,#16f2f2
2.095,1.012,0.5,AV Col27a1 Glut,#5C8599
2.096,1.012,0.5,PVT-PT Ntrk1 Glut,#076600
2.097,1.012,0.5,CM-IAD-CL-PCN Sema5b Glut,#CCC300
2.098,1.012,0.5,TH Prkcd Grin2c Glut,#663D57
2.099,1.012,0.5,RE-Xi Nox4 Glut,#992E38
2.1,1.012,0.5,MG-POL-SGN Nts Glut,#1C0099
2.101,1.012,0.5,PF Fzd5 Glut,#3D6566
2.102,1.013,0.5,PRC-PAG Pax6 Glut,#99862E
2.103,1.013,0.5,MB-ant-ve Dmrta2 Glut,#FF514D
2.104,1.013,0.5,RN Spp1 Glut,#B6FF4D
2.105,1.013,0.5,MRN-PAG Nkx6-1 Glut,#63FF26
2.106,1.013,0.5,IF-RL-CLI-PAG Foxa1 Glut,#2E7799
2.107,1.013,0.5,PAG-SC Neurod2 Meis2 Glut,#CC3DA3
2.108,1.013,0.5,PAG Pou4f3 Glut,#CCC27A
2.109,1.013,0.5,CUN Evx2 Lhx2 Glut,#5C64CC
2.11,1.013,0.5,APN C1ql2 Glut,#1FCC4D
2.111,1.013,0.5,APN C1ql4 Glut,#FF9D26
2.112,1.013,0.5,PAG-MRN Pou3f1 Glut,#82995C
2.113,1.013,0.5,PAG-MRN Tfap2b Glut,#F2FF73
2.114,1.013,0.5,PAG Pou4f1 Ebf2 Glut,#990027
2.115,1.013,0.5,PAG Pou4f2 Glut,#5FCC5C
2.116,1.013,0.5,PAG Pou4f2 Mesi2 Glut,#CC3D9D
2.117,1.013,0.5,SC Bnc2 Glut,#47FF26
2.118,1.013,0.5,SCig Foxb1 Glut,#453D66
2.119,1.013,0.5,SCig-an-PPT Foxb1 Glut,#5C73CC
2.12,1.013,0.5,SCig Foxb1 Otx2 Glut,#7ACCBE
2.121,1.013,0.5,SCdg-PAG Tfap2b Glut,#50662E
2.122,1.013,0.5,SCiw Pitx2 Glut,#6C1799
2.123,1.013,0.5,IC Tfap2d Maf Glut,#CC7A7E
2.124,1.013,0.5,CUN-PPN Evx2 Meis2 Glut,#00CC7F
2.125,1.013,0.5,PBG Mtnr1a Glut-Chol,#ED0000
2.126,1.013,0.5,PAG Tcf24 Glut,#002099
2.127,1.013,0.5,SCig Tfap2b Chrnb3 Glut,#FF73FF
2.128,1.013,0.5,SCop Pou4f2 Neurod2 Glut,#B899FF
2.129,1.013,0.5,SCsg Pde5a Glut,#73FF98
2.13,1.013,0.5,SCop Sln Glut,#009923
2.131,1.013,0.5,PAG Ucn Glut,#997817
2.132,1.013,0.5,ND-INC Foxd2 Glut,#CC7400
2.133,1.014,0.5,PAG-MRN Rln3 Gaba,#DF99FF
2.134,1.014,0.5,PPN-CUN-PCG Otp En1 Gaba,#3DCC66
2.135,1.014,0.5,MRN-PPN-CUN Pax8 Gaba,#82CC1F
2.136,1.014,0.5,MRN-VTN-PPN Pax5 Cdh23 Gaba,#2E8799
2.137,1.014,0.5,SNr-VTA Pax5 Npas1 Gaba,#1D0066
2.138,1.014,0.5,PAG-PPN Pax5 Sox21 Gaba,#7A5C99
2.139,1.014,0.5,SNr Six3 Gaba,#C2FF26
2.14,1.014,0.5,IC Six3 En2 Gaba,#ab1dd6
2.141,1.014,0.5,PAG-MRN-RN Foxa2 Gaba,#7DFF4D
2.142,1.014,0.5,PAG-RN Nkx2-2 Otx1 Gaba,#474599
2.143,1.014,0.5,PRT Tcf7l2 Gaba,#99685C
2.144,1.014,0.5,SC Otx2 Gcnt4 Gaba,#4D79FF
2.145,1.014,0.5,SC-PAG Lef1 Emx2 Gaba,#CC5C69
2.146,1.014,0.5,SCm-PAG Cdh23 Gaba,#4CCC3D
2.147,1.014,0.5,SCs Dmbx1 Gaba,#994F45
2.148,1.014,0.5,SC Lef1 Otx2 Gaba,#CC1F66
2.149,1.014,0.5,SCs Pax7 Nfia Gaba,#CC6B3D
2.15,1.014,0.5,PRT Mecom Gaba,#76CC5C
2.151,1.014,0.5,SC Tnnt1 Gli3 Gaba,#FFA300
2.152,1.014,0.5,SCs Lef1 Gli3 Gaba,#0e0163
2.153,1.014,0.5,SCsg Gabrr2 Gaba,#BCCC3D
2.154,1.014,0.5,IPN Otp Crisp1 Gaba,#992E62
2.155,1.015,0.5,SNc-VTA-RAmb Foxa1 Dopa,#0F5666
2.156,1.016,0.5,PB Lmx1a Glut,#4B2E66
2.157,1.016,0.5,PB-SUT Tlx3 Lhx2 Glut,#84FF73
2.158,1.016,0.5,PB Pax5 Glut,#FF4DC7
2.159,1.016,0.5,LDT-PCG Vsx2 Lhx4 Glut,#1F8ACC
2.16,1.016,0.5,PB Evx2 Glut,#4ff7de
2.161,1.016,0.5,B-PB Nr4a2 Glut,#175B99
2.162,1.016,0.5,PCG-PRNr Vsx2 Nkx6-1 Glut,#559917
2.163,1.016,0.5,PRNc-NI-SG-RPO Vsx2 Nr4a2 Glut,#8C5CCC
2.164,1.016,0.5,PRNc-PARN Tlx1 Glut,#44FF26
2.165,1.016,0.5,PB-PSV Phox2b Glut,#3A662E
2.166,1.016,0.5,PSV Pvalb Lhx2 Glut,#AB5CCC
2.167,1.016,0.5,PB-NTS Phox2b Ebf3 Lmx1b Glut,#3ECC1F
2.168,1.016,0.5,PRNr Otp Nfib Glut,#994546
2.169,1.016,0.5,IPN-LDT Vsx2 Nkx6-1 Glut,#45994B
2.17,1.016,0.5,LDT Vsx2 Nkx6-1 Nfib Glut,#CCFF4D
2.171,1.016,0.5,NLL-SOC Spp1 Glut,#9B7ACC
2.172,1.016,0.5,PG-TRN-LRN Fat2 Glut,#66593D
2.173,1.017,0.5,IRN Vip Glut,#FF6426
2.174,1.017,0.5,PRP-NI-PRNc-GRN Otp Glut,#7ACC9F
2.175,1.017,0.5,NTS Phox2b Glut,#458499
2.176,1.017,0.5,MARN-GRN Pyy Glut,#c10717
2.177,1.017,0.5,MDRNv Lhx4 Qrfprl Glut,#e925ed
2.178,1.017,0.5,NTS Mbnl3 Glut,#996E45
2.179,1.017,0.5,PGRNd Dmbx1 Glut,#C6FF99
2.18,1.017,0.5,PGRN-PARN-MDRN Hoxb5 Glut,#99985C
2.181,1.017,0.5,MV-SPIV Slc6a2 Glut,#84CC3D
2.182,1.017,0.5,SPVI-SPVC Tlx3 Ebf3 Glut,#5A1F66
2.183,1.017,0.5,CU-ECU-SPVI Foxb1 Glut,#3DC2CC
2.184,1.017,0.5,MV-SPIV Phox2b Ebf3 Lbx1 Glut,#85CC00
2.185,1.017,0.5,MV-SPIV Zic4 Neurod2 Glut,#f22693
2.186,1.017,0.5,NTS Aldh1a2 Glut,#26FF93
2.187,1.017,0.5,CBN Neurod2 Pvalb Glut,#221F66
2.188,1.017,0.5,NTS Dbh Glut,#566600
2.189,1.017,0.5,DMX VII Tbx20 Chol,#99322E
2.19,1.017,0.5,IO Fgl2 Glut,#00CC7C
2.191,1.017,0.5,VCO Mafa Meis2 Glut,#CC8E1F
2.192,1.017,0.5,SPVO Mafa Meis2 Glut,#805CCC
2.193,1.017,0.5,SPVC Mafa Glut,#580099
2.194,1.017,0.5,SPVC Ccdc172 Glut,#99805C
2.195,1.017,0.5,SPVC Nmu Glut,#fc235d
2.196,1.017,0.5,MDRNd Bves Glut,#1FCC43
2.197,1.017,0.5,MDRNv Crp Glut,#EAFF4D
2.198,1.017,0.5,HB Calcb Chol,#0F6654
2.199,1.018,0.5,Pineal Crx Glut,#B6CC5C
2.2,1.019,0.5,CS-RPO Meis2 Gaba,#4DFFCD
2.201,1.019,0.5,PRNc Otp Gly-Gaba,#F44D00
2.202,1.019,0.5,PB Sst Gly-Gaba,#58992E
2.203,1.019,0.5,PRNc Prox1 Brs3 Gly-Gaba,#1F5366
2.204,1.019,0.5,CS-PRNr-DR En1 Sox2 Gaba,#00CCBA
2.205,1.019,0.5,LDT Fgf7 Gaba,#00CC4A
2.206,1.019,0.5,NI-RPO Gata3 Nr4a2 Gaba,#630099
2.207,1.019,0.5,LDT-PCG-CS Gata3 Lhx1 Gaba,#991761
2.208,1.019,0.5,PDTg-PCG Pax6 Gaba,#5BFF00
2.209,1.019,0.5,PDTg Otp Shroom3 Gaba,#0F1266
2.21,1.019,0.5,PDTg Otp Olig3 Gaba,#456499
2.211,1.019,0.5,LDT-PCG St18 Gaba,#1F3766
2.212,1.019,0.5,DTN-LDT-IPN Otp Pax3 Gaba,#E57300
2.213,1.019,0.5,NLL Gata3 Gly-Gaba,#d2b8f2
2.214,1.019,0.5,PSV Pax2 Gly-Gaba,#000999
2.215,1.019,0.5,NLL-po Pax7 Gaba,#00CC1B
2.216,1.019,0.5,POR Gata3 Gly-Gaba,#35CC00
2.217,1.019,0.5,POR Spp1 Gly-Gaba,#995C2E
2.218,1.02,0.5,PRP Otp Gly-Gaba,#659900
2.219,1.02,0.5,GRN-IRN-MDRNd Ikzf1 Gly-Gaba,#f20985
2.22,1.02,0.5,MY Lhx1 Gly-Gaba,#CC5C81
2.221,1.02,0.5,PPY-PGRNl Vip Glyc-Gaba,#4DBEFF
2.222,1.02,0.5,MV-SPIV-PRP Dmbx1 Gly-Gaba,#660038
2.223,1.02,0.5,MDRN Hoxb5 Ebf2 Gly-Gaba,#4e5b48
2.224,1.02,0.5,MDRNd Prox1 Pax6 Gly-Gaba,#6ff754
2.225,1.02,0.5,MY Prox1 Lmo7 Gly-Gaba,#990004
2.226,1.02,0.5,NTS-MDRNd Prox1 Zic1 Gly-Gaba,#CC3D91
2.227,1.02,0.5,MV Nkx6-1 Gly-Gaba,#2E3399
2.228,1.02,0.5,PAS-MV Ebf2 Gly-Gaba,#66502E
2.229,1.02,0.5,MV Pax6 Gly-Gaba,#00FF6C
2.23,1.02,0.5,CBN Dmbx1 Gaba,#3426FF
2.231,1.02,0.5,RPA Pax6 Hoxb5 Gly-Gaba,#2E6799
2.232,1.02,0.5,CU-ECU Pax2 Gly-Gaba,#00FF08
2.233,1.02,0.5,PRP Gata3 Slc6a5 Gly-Gaba,#CC8A5C
2.234,1.02,0.5,MARN-PPY Ngfr Gly-Gaba,#CC3D70
2.235,1.02,0.5,PARN-MDRNd-NTS Gbx2 Gly-Gaba,#efda4f
2.236,1.02,0.5,MV Nr4a2 Gly-Gaba,#72FF00
2.237,1.02,0.5,MV Xdh Gly-Gaba,#5C997D
2.238,1.02,0.5,IRN Dmbx1 Pax2 Gly-Gaba,#FF1400
2.239,1.02,0.5,NTS-PARN Neurod2 Gly-Gaba,#66140F
2.24,1.02,0.5,SPVI-SPVC Sall3 Nfib Gly-Gaba,#FF73EA
2.241,1.02,0.5,SPVI-SPVC Sall3 Lhx1 Gly-Gaba,#26FFE8
2.242,1.02,0.5,RO-RPA Pkd2l1 Gaba,#994517
2.243,1.021,0.5,DCO Il22 Gly-Gaba,#009899
2.244,1.021,0.5,CB PLI Gly-Gaba,#003366
2.245,1.021,0.5,CBX Golgi Gly-Gaba,#8BCC5C
2.246,1.021,0.5,CBX MLI Megf11 Gaba,#45996C
2.247,1.021,0.5,CBX MLI Cdh22 Gaba,#511799
2.248,1.021,0.5,CBX Purkinje Gaba,#FF4826
2.249,1.022,0.5,CB Granule Glut,#1FCC87
2.25,1.022,0.5,DCO UBC Glut,#8E2600
2.251,1.023,0.5,Bergmann NN,#CC4E00
2.252,1.023,0.5,Astro-CB NN,#AD5CCC
2.253,1.023,0.5,Astro-NT NN,#3DCCB1
2.254,1.023,0.5,Astro-TE NN,#FF73CF
2.255,1.023,0.5,Astro-OLF NN,#0833ce
2.256,1.023,0.5,Astroependymal NN,#FF26A1
2.257,1.023,0.5,Tanycyte NN,#D8FF00
2.258,1.023,0.5,Ependymal NN,#3F2E99
2.259,1.023,0.5,Hypendymal NN,#2D9917
2.26,1.023,0.5,CHOR NN,#FF26CB
2.261,1.024,0.5,OPC NN,#99FFBC
2.262,1.024,0.5,Oligo NN,#FF99CF
2.263,1.025,0.5,OEC NN,#CC5CC1
2.264,1.026,0.5,ABC NN,#653D66
2.265,1.026,0.5,VLMC NN,#82992E
2.266,1.026,0.5,Peri NN,#FF9F73
2.267,1.026,0.5,SMC NN,#994567
2.268,1.026,0.5,Endo NN,#CC1F4E
2.269,1.027,0.5,Microglia NN,#66493D
2.27,1.027,0.5,BAM NN,#A673FF
2.271,1.027,0.5,Monocytes NN,#CCA27A
2.272,1.027,0.5,DC NN,#3D5766
2.273,1.027,0.5,Lymphoid NN,#99822E
3.001,2.001,0.2,CLA-EPd-CTX Car3 Glut_1,#170F66
3.002,2.001,0.2,CLA-EPd-CTX Car3 Glut_2,#994563
3.003,2.002,0.2,IT EP-CLA Glut_1,#1F4666
3.004,2.002,0.2,IT EP-CLA Glut_2,#694599
3.005,2.002,0.2,IT EP-CLA Glut_3,#5CAACC
3.006,2.002,0.2,IT EP-CLA Glut_4,#952E99
3.007,2.003,0.2,L6 IT CTX Glut_1,#2E5266
3.008,2.003,0.2,L6 IT CTX Glut_2,#661799
3.009,2.003,0.2,L6 IT CTX Glut_3,#991759
3.01,2.003,0.2,L6 IT CTX Glut_4,#651F66
3.011,2.003,0.2,L6 IT CTX Glut_5,#8D9917
3.012,2.004,0.2,L5 IT CTX Glut_1,#456199
3.013,2.004,0.2,L5 IT CTX Glut_2,#66530F
3.014,2.004,0.2,L5 IT CTX Glut_3,#FFFE99
3.015,2.004,0.2,L5 IT CTX Glut_4,#6A992E
3.016,2.004,0.2,L5 IT CTX Glut_5,#8626FF
3.017,2.005,0.2,IT AON-TT-DP Glut_1,#3D6652
3.018,2.005,0.2,IT AON-TT-DP Glut_2,#C773FF
3.019,2.005,0.2,IT AON-TT-DP Glut_3,#666400
3.02,2.005,0.2,IT AON-TT-DP Glut_4,#1F3E66
3.021,2.005,0.2,IT AON-TT-DP Glut_5,#992E57
3.022,2.006,0.2,L2 IT ENT-po Glut_2,#5CCCBD
3.023,2.006,0.2,L2 IT ENT-po Glut_3,#CC5CA0
3.024,2.006,0.2,L2 IT ENT-po Glut_4,#A099FF
3.025,2.007,0.2,MEA Slc17a7 Glut_1,#5CCCC9
3.026,2.007,0.2,MEA Slc17a7 Glut_2,#7E5C99
3.027,2.007,0.2,MEA Slc17a7 Glut_3,#82995C
3.028,2.008,0.2,COAp Grxcr2 Glut_1,#330F66
3.029,2.008,0.2,COAp Grxcr2 Glut_2,#99FFE5
3.03,2.009,0.2,LA-BLA-BMA-PA Glut_1,#99174B
3.031,2.009,0.2,LA-BLA-BMA-PA Glut_2,#992E6E
3.032,2.009,0.2,LA-BLA-BMA-PA Glut_3,#633D66
3.033,2.009,0.2,LA-BLA-BMA-PA Glut_4,#660F43
3.034,2.009,0.2,LA-BLA-BMA-PA Glut_5,#CC867A
3.035,2.009,0.2,LA-BLA-BMA-PA Glut_6,#99735C
3.036,2.01,0.2,ENTmv-PA-COAp Glut_1,#CC6A3D
3.037,2.01,0.2,ENTmv-PA-COAp Glut_2,#95CC7A
3.038,2.01,0.2,ENTmv-PA-COAp Glut_3,#8800CC
3.039,2.011,0.2,CA1-ProS Glut_1,#4D9945
3.04,2.011,0.2,CA1-ProS Glut_2,#993E00
3.041,2.011,0.2,CA1-ProS Glut_3,#2E4999
3.042,2.011,0.2,CA1-ProS Glut_4,#FF00CE
3.043,2.011,0.2,CA1-ProS Glut_5,#2A0F66
3.044,2.011,0.2,CA1-ProS Glut_6,#997645
3.045,2.012,0.2,CA3 Glut_1,#00FFC5
3.046,2.012,0.2,CA3 Glut_2,#6ACC00
3.047,2.012,0.2,CA3 Glut_3,#991776
3.048,2.012,0.2,CA3 Glut_4,#712E99
3.049,2.012,0.2,CA3 Glut_5,#433D66
3.05,2.013,0.2,L2 IT PPP-APr Glut_1,#002BCC
3.051,2.013,0.2,L2 IT PPP-APr Glut_2,#266DFF
3.052,2.013,0.2,L2 IT PPP-APr Glut_3,#3D65CC
3.053,2.013,0.2,L2 IT PPP-APr Glut_4,#998D2E
3.054,2.014,0.2,L4 RSP-ACA Glut_1,#5A0099
3.055,2.015,0.2,L5 ET CTX Glut_1,#FF2200
3.056,2.015,0.2,L5 ET CTX Glut_2,#5CCCB1
3.057,2.015,0.2,L5 ET CTX Glut_3,#99522E
3.058,2.015,0.2,L5 ET CTX Glut_4,#B34DFF
3.059,2.015,0.2,L5 ET CTX Glut_5,#66400F
3.06,2.015,0.2,L5 ET CTX Glut_6,#602E66
3.061,2.016,0.2,SUB-ProS Glut_1,#5C60CC
3.062,2.016,0.2,SUB-ProS Glut_2,#2F2E66
3.063,2.016,0.2,SUB-ProS Glut_3,#CC1F30
3.064,2.017,0.2,L5 PPP Glut_1,#662E99
3.065,2.018,0.2,CA2-FC-IG Glut_1,#661F20
3.066,2.018,0.2,CA2-FC-IG Glut_2,#7D5CCC
3.067,2.019,0.2,NLOT Rho Glut_1,#82CC5C
3.068,2.02,0.2,L6b EPd Glut_1,#994547
3.069,2.02,0.2,L6b EPd Glut_2,#81CC3D
3.07,2.02,0.2,L6b EPd Glut_3,#5C9979
3.071,2.021,0.2,L6b CTX Glut_1,#66533D
3.072,2.021,0.2,L6b CTX Glut_2,#5C9986
3.073,2.021,0.2,L6b CTX Glut_3,#00FFE1
3.074,2.021,0.2,L6b CTX Glut_4,#CC3D77
3.075,2.022,0.2,L6 CT CTX Glut_1,#3DCC96
3.076,2.022,0.2,L6 CT CTX Glut_2,#49660F
3.077,2.022,0.2,L6 CT CTX Glut_3,#3E662E
3.078,2.022,0.2,L6 CT CTX Glut_4,#00FFFD
3.079,2.022,0.2,L6 CT CTX Glut_5,#1F52CC
3.08,2.022,0.2,L6 CT CTX Glut_6,#662D0F
3.081,2.023,0.2,CT SUB Glut_1,#009BCC
3.082,2.023,0.2,CT SUB Glut_2,#26FF73
3.083,2.024,0.2,L5 NP CTX Glut_1,#935C99
3.084,2.024,0.2,L5 NP CTX Glut_2,#662E53
3.085,2.024,0.2,L5 NP CTX Glut_3,#54661F
3.086,2.024,0.2,L5 NP CTX Glut_4,#FF73DB
3.087,2.024,0.2,L5 NP CTX Glut_5,#006614
3.088,2.025,0.2,NP SUB Glut_1,#CC9A5C
3.089,2.025,0.2,NP SUB Glut_2,#574599
3.09,2.026,0.2,NP PPP Glut_1,#F573FF
3.091,2.027,0.2,DG Glut_1,#FF9999
3.092,2.027,0.2,DG Glut_2,#FF7726
3.093,2.027,0.2,DG Glut_3,#643DCC
3.094,2.027,0.2,DG Glut_4,#389917
3.095,2.028,0.2,DG-PIR Ex IMN_1,#CC7A3D
3.096,2.028,0.2,DG-PIR Ex IMN_2,#FFBF26
3.097,2.028,0.2,DG-PIR Ex IMN_3,#EE4DFF
3.098,2.029,0.2,LSX Sall3 Pax6 Gaba_1,#984599
3.099,2.029,0.2,LSX Sall3 Pax6 Gaba_2,#4D96FF
3.1,2.03,0.2,LSX Otx2 Gaba_1,#784DFF
3.101,2.03,0.2,LSX Otx2 Gaba_2,#E1FF4D
3.102,2.03,0.2,LSX Otx2 Gaba_3,#CC1F8F
3.103,2.03,0.2,LSX Otx2 Gaba_4,#99FFA2
3.104,2.03,0.2,LSX Otx2 Gaba_5,#A873FF
3.105,2.031,0.2,LSX Nkx2-1 Gaba_1,#CC5CAC
3.106,2.031,0.2,LSX Nkx2-1 Gaba_2,#CC0072
3.107,2.031,0.2,LSX Nkx2-1 Gaba_3,#0021FF
3.108,2.031,0.2,LSX Nkx2-1 Gaba_4,#8CCC7A
3.109,2.031,0.2,LSX Nkx2-1 Gaba_5,#51FF26
3.11,2.031,0.2,LSX Nkx2-1 Gaba_6,#2E3366
3.111,2.031,0.2,LSX Nkx2-1 Gaba_7,#5F663D
3.112,2.031,0.2,LSX Nkx2-1 Gaba_8,#0F665B
3.113,2.031,0.2,LSX Nkx2-1 Gaba_9,#1FCCAD
3.114,2.031,0.2,LSX Nkx2-1 Gaba_10,#663D5C
3.115,2.031,0.2,LSX Nkx2-1 Gaba_11,#73C9FF
3.116,2.032,0.2,LSX Prdm12 Zeb2 Gaba_1,#88FF73
3.117,2.032,0.2,LSX Prdm12 Zeb2 Gaba_2,#5E3D66
3.118,2.032,0.2,LSX Prdm12 Zeb2 Gaba_3,#2E6630
3.119,2.032,0.2,LSX Prdm12 Zeb2 Gaba_4,#991784
3.12,2.032,0.2,LSX Prdm12 Zeb2 Gaba_5,#500F66
3.121,2.033,0.2,LSX Prdm12 Slit2 Gaba_1,#FF739D
3.122,2.033,0.2,LSX Prdm12 Slit2 Gaba_2,#CC7A00
3.123,2.033,0.2,LSX Prdm12 Slit2 Gaba_3,#005F99
3.124,2.033,0.2,LSX Prdm12 Slit2 Gaba_4,#FF73C4
3.125,2.033,0.2,LSX Prdm12 Slit2 Gaba_5,#A8FF00
3.126,2.034,0.2,LSX Sall3 Lmo1 Gaba_1,#CC002F
3.127,2.034,0.2,LSX Sall3 Lmo1 Gaba_2,#C17ACC
3.128,2.034,0.2,LSX Sall3 Lmo1 Gaba_3,#AE1FCC
3.129,2.034,0.2,LSX Sall3 Lmo1 Gaba_4,#641799
3.13,2.034,0.2,LSX Sall3 Lmo1 Gaba_5,#B91FCC
3.131,2.034,0.2,LSX Sall3 Lmo1 Gaba_6,#7ACCCC
3.132,2.035,0.2,MEA-BST Sox6 Gaba_1,#3DCC00
3.133,2.035,0.2,MEA-BST Sox6 Gaba_2,#FF2642
3.134,2.035,0.2,MEA-BST Sox6 Gaba_3,#3D6664
3.135,2.035,0.2,MEA-BST Sox6 Gaba_4,#831FCC
3.136,2.035,0.2,MEA-BST Sox6 Gaba_5,#855C99
3.137,2.035,0.2,MEA-BST Sox6 Gaba_6,#4DAAFF
3.138,2.035,0.2,MEA-BST Sox6 Gaba_7,#CC9100
3.139,2.035,0.2,MEA-BST Sox6 Gaba_8,#8F9900
3.14,2.035,0.2,MEA-BST Sox6 Gaba_9,#FF73AD
3.141,2.035,0.2,MEA-BST Sox6 Gaba_10,#CCBF5C
3.142,2.036,0.2,MEA-BST Lhx6 Sp9 Gaba_1,#4DFF55
3.143,2.036,0.2,MEA-BST Lhx6 Sp9 Gaba_2,#665B3D
3.144,2.036,0.2,MEA-BST Lhx6 Sp9 Gaba_3,#1FCC87
3.145,2.036,0.2,MEA-BST Lhx6 Sp9 Gaba_4,#26FFBA
3.146,2.036,0.2,MEA-BST Lhx6 Sp9 Gaba_5,#FFCA00
3.147,2.036,0.2,MEA-BST Lhx6 Sp9 Gaba_6,#CC1F43
3.148,2.036,0.2,MEA-BST Lhx6 Sp9 Gaba_7,#A04DFF
3.149,2.037,0.2,MEA-BST Lhx6 Nr2e1 Gaba_1,#995C6A
3.15,2.037,0.2,MEA-BST Lhx6 Nr2e1 Gaba_2,#FFCE4D
3.151,2.037,0.2,MEA-BST Lhx6 Nr2e1 Gaba_3,#3D6656
3.152,2.038,0.2,MEA-BST Lhx6 Nfib Gaba_1,#96995C
3.153,2.038,0.2,MEA-BST Lhx6 Nfib Gaba_2,#FF3026
3.154,2.038,0.2,MEA-BST Lhx6 Nfib Gaba_3,#A400FF
3.155,2.038,0.2,MEA-BST Lhx6 Nfib Gaba_4,#3D6644
3.156,2.038,0.2,MEA-BST Lhx6 Nfib Gaba_5,#6F26FF
3.157,2.038,0.2,MEA-BST Lhx6 Nfib Gaba_6,#270099
3.158,2.039,0.2,CEA-BST Gal Avp Gaba_1,#99001F
3.159,2.04,0.2,SI-MA-ACB Ebf1 Bnc2 Gaba_1,#664E00
3.16,2.04,0.2,SI-MA-ACB Ebf1 Bnc2 Gaba_2,#38662E
3.161,2.04,0.2,SI-MA-ACB Ebf1 Bnc2 Gaba_3,#660F30
3.162,2.041,0.2,CEA-BST Six3 Cyp26b1 Gaba_1,#FF934D
3.163,2.041,0.2,CEA-BST Six3 Cyp26b1 Gaba_2,#27CC00
3.164,2.041,0.2,CEA-BST Six3 Cyp26b1 Gaba_3,#99F7FF
3.165,2.041,0.2,CEA-BST Six3 Cyp26b1 Gaba_4,#76992E
3.166,2.041,0.2,CEA-BST Six3 Cyp26b1 Gaba_5,#336600
3.167,2.041,0.2,CEA-BST Six3 Cyp26b1 Gaba_6,#1F664F
3.168,2.042,0.2,ACB-BST-FS D1 Gaba_1,#FFFB73
3.169,2.042,0.2,ACB-BST-FS D1 Gaba_2,#469917
3.17,2.042,0.2,ACB-BST-FS D1 Gaba_3,#FA99FF
3.171,2.043,0.2,SI-MPO-LPO Lhx8 Gaba_1,#664A0F
3.172,2.043,0.2,SI-MPO-LPO Lhx8 Gaba_2,#994591
3.173,2.043,0.2,SI-MPO-LPO Lhx8 Gaba_3,#998200
3.174,2.043,0.2,SI-MPO-LPO Lhx8 Gaba_4,#006ECC
3.175,2.043,0.2,SI-MPO-LPO Lhx8 Gaba_5,#612E66
3.176,2.043,0.2,SI-MPO-LPO Lhx8 Gaba_6,#FCFF00
3.177,2.044,0.2,MPO-ADP Lhx8 Gaba_1,#FFE24D
3.178,2.044,0.2,MPO-ADP Lhx8 Gaba_2,#6E995C
3.179,2.044,0.2,MPO-ADP Lhx8 Gaba_3,#003DFF
3.18,2.044,0.2,MPO-ADP Lhx8 Gaba_4,#FF0042
3.181,2.044,0.2,MPO-ADP Lhx8 Gaba_5,#FF738E
3.182,2.045,0.2,MPN-MPO-LPO Lhx6 Zfhx3 Gaba_1,#99BFFF
3.183,2.045,0.2,MPN-MPO-LPO Lhx6 Zfhx3 Gaba_2,#CC3DC6
3.184,2.046,0.2,BST Tac2 Gaba_1,#7E9900
3.185,2.046,0.2,BST Tac2 Gaba_2,#3D661F
3.186,2.047,0.2,TMv-PMv Tbx3 Hist-Gaba_1,#2D1799
3.187,2.047,0.2,TMv-PMv Tbx3 Hist-Gaba_2,#99FFFC
3.188,2.048,0.2,RT-ZI Gnb3 Gaba_1,#93FF4D
3.189,2.048,0.2,RT-ZI Gnb3 Gaba_2,#29CC1F
3.19,2.048,0.2,RT-ZI Gnb3 Gaba_3,#179930
3.191,2.048,0.2,RT-ZI Gnb3 Gaba_4,#90995C
3.192,2.048,0.2,RT-ZI Gnb3 Gaba_5,#00FF8D
3.193,2.049,0.2,SCH Six6 Cdc14a Gaba_1,#66110F
3.194,2.049,0.2,SCH Six6 Cdc14a Gaba_2,#961FCC
3.195,2.049,0.2,SCH Six6 Cdc14a Gaba_3,#FF73EA
3.196,2.05,0.2,DMH Prdm13 Gaba_1,#75995C
3.197,2.05,0.2,DMH Prdm13 Gaba_2,#854599
3.198,2.051,0.2,PVHd Gsc Gaba_1,#9D7ACC
3.199,2.052,0.2,PVHd-SBPV Six3 Prox1 Gaba_1,#663800
3.2,2.052,0.2,PVHd-SBPV Six3 Prox1 Gaba_2,#661F47
3.201,2.052,0.2,PVHd-SBPV Six3 Prox1 Gaba_3,#48663D
3.202,2.052,0.2,PVHd-SBPV Six3 Prox1 Gaba_4,#1FCCC0
3.203,2.053,0.2,AHN Onecut3 Gaba_1,#7AB1CC
3.204,2.053,0.2,AHN Onecut3 Gaba_2,#036600
3.205,2.053,0.2,AHN Onecut3 Gaba_3,#1F1799
3.206,2.054,0.2,ZI Pax6 Gaba_1,#CC7A86
3.207,2.054,0.2,ZI Pax6 Gaba_2,#CC5A3D
3.208,2.054,0.2,ZI Pax6 Gaba_3,#52660F
3.209,2.054,0.2,ZI Pax6 Gaba_4,#73FF9B
3.21,2.054,0.2,ZI Pax6 Gaba_5,#00FF1D
3.211,2.054,0.2,ZI Pax6 Gaba_6,#453DCC
3.212,2.054,0.2,ZI Pax6 Gaba_7,#299917
3.213,2.054,0.2,ZI Pax6 Gaba_8,#99457F
3.214,2.054,0.2,ZI Pax6 Gaba_9,#4A1FCC
3.215,2.054,0.2,ZI Pax6 Gaba_10,#FFAF99
3.216,2.054,0.2,ZI Pax6 Gaba_11,#7C4599
3.217,2.055,0.2,DMH-LHA Gsx1 Gaba_1,#0F662C
3.218,2.055,0.2,DMH-LHA Gsx1 Gaba_2,#483D66
3.219,2.055,0.2,DMH-LHA Gsx1 Gaba_3,#466600
3.22,2.055,0.2,DMH-LHA Gsx1 Gaba_4,#73E7FF
3.221,2.056,0.2,PVHd-DMH Lhx6 Gaba_1,#859945
3.222,2.056,0.2,PVHd-DMH Lhx6 Gaba_2,#FF5A00
3.223,2.056,0.2,PVHd-DMH Lhx6 Gaba_3,#5726FF
3.224,2.056,0.2,PVHd-DMH Lhx6 Gaba_4,#7B9945
3.225,2.057,0.2,TU-ARH Otp Six6 Gaba_1,#CC2100
3.226,2.057,0.2,TU-ARH Otp Six6 Gaba_2,#4F00FF
3.227,2.057,0.2,TU-ARH Otp Six6 Gaba_3,#1F3666
3.228,2.058,0.2,TMd-DMH Foxd2 Gaba_1,#DB4DFF
3.229,2.059,0.2,PVpo-VMPO-MPN Hmx2 Gaba_1,#3DCCA6
3.23,2.059,0.2,PVpo-VMPO-MPN Hmx2 Gaba_2,#26B4FF
3.231,2.059,0.2,PVpo-VMPO-MPN Hmx2 Gaba_3,#990095
3.232,2.059,0.2,PVpo-VMPO-MPN Hmx2 Gaba_4,#00CC8D
3.233,2.059,0.2,PVpo-VMPO-MPN Hmx2 Gaba_5,#2E8F99
3.234,2.06,0.2,DMH Hmx2 Gaba_1,#994550
3.235,2.06,0.2,DMH Hmx2 Gaba_2,#734599
3.236,2.06,0.2,DMH Hmx2 Gaba_3,#995C5C
3.237,2.06,0.2,DMH Hmx2 Gaba_4,#4DFFF2
3.238,2.06,0.2,DMH Hmx2 Gaba_5,#738BFF
3.239,2.06,0.2,DMH Hmx2 Gaba_6,#FFA499
3.24,2.061,0.2,ARH-PVp Tbx3 Gaba_1,#171E99
3.241,2.061,0.2,ARH-PVp Tbx3 Gaba_2,#B799FF
3.242,2.061,0.2,ARH-PVp Tbx3 Gaba_3,#AF7ACC
3.243,2.062,0.2,LGv-ZI Otx2 Gaba_1,#66453D
3.244,2.062,0.2,LGv-ZI Otx2 Gaba_2,#997F45
3.245,2.062,0.2,LGv-ZI Otx2 Gaba_3,#5C9199
3.246,2.062,0.2,LGv-ZI Otx2 Gaba_4,#5C6299
3.247,2.062,0.2,LGv-ZI Otx2 Gaba_5,#26FFA3
3.248,2.063,0.2,BST-po Iigp1 Glut_1,#3D5F66
3.249,2.064,0.2,TRS-BAC Sln Glut_1,#8E4599
3.25,2.064,0.2,TRS-BAC Sln Glut_2,#CC1FC8
3.251,2.065,0.2,MEA-COA-BMA Ccdc42 Glut_1,#7F9917
3.252,2.065,0.2,MEA-COA-BMA Ccdc42 Glut_2,#FF26D1
3.253,2.065,0.2,MEA-COA-BMA Ccdc42 Glut_3,#BDFF99
3.254,2.065,0.2,MEA-COA-BMA Ccdc42 Glut_4,#0059FF
3.255,2.066,0.2,COAa-PAA-MEA Barhl2 Glut_1,#992417
3.256,2.066,0.2,COAa-PAA-MEA Barhl2 Glut_2,#3B992E
3.257,2.066,0.2,COAa-PAA-MEA Barhl2 Glut_3,#FF4D9A
3.258,2.066,0.2,COAa-PAA-MEA Barhl2 Glut_4,#663E2E
3.259,2.066,0.2,COAa-PAA-MEA Barhl2 Glut_5,#7973FF
3.26,2.066,0.2,COAa-PAA-MEA Barhl2 Glut_6,#CCC83D
3.261,2.066,0.2,COAa-PAA-MEA Barhl2 Glut_7,#7ACC9F
3.262,2.066,0.2,COAa-PAA-MEA Barhl2 Glut_8,#CBCC7A
3.263,2.066,0.2,COAa-PAA-MEA Barhl2 Glut_9,#CC5C62
3.264,2.067,0.2,MS-SF Bsx Glut_1,#663D4A
3.265,2.068,0.2,AVPV-MEPO-SFO Tbr1 Glut_1,#CC3D97
3.266,2.068,0.2,AVPV-MEPO-SFO Tbr1 Glut_2,#0200CC
3.267,2.068,0.2,AVPV-MEPO-SFO Tbr1 Glut_3,#99173D
3.268,2.068,0.2,AVPV-MEPO-SFO Tbr1 Glut_4,#2E4C66
3.269,2.068,0.2,AVPV-MEPO-SFO Tbr1 Glut_5,#5C661F
3.27,2.069,0.2,LHA Barhl2 Glut_1,#CC3DB6
3.271,2.069,0.2,LHA Barhl2 Glut_2,#B500CC
3.272,2.069,0.2,LHA Barhl2 Glut_3,#8C5C99
3.273,2.07,0.2,ADP-MPO Trp73 Glut_1,#CC5CB8
3.274,2.07,0.2,ADP-MPO Trp73 Glut_2,#FF005E
3.275,2.07,0.2,ADP-MPO Trp73 Glut_3,#1D0066
3.276,2.071,0.2,SI-MA-LPO-LHA Skor1 Glut_1,#17995A
3.277,2.071,0.2,SI-MA-LPO-LHA Skor1 Glut_2,#0F5466
3.278,2.071,0.2,SI-MA-LPO-LHA Skor1 Glut_3,#FF4DE9
3.279,2.071,0.2,SI-MA-LPO-LHA Skor1 Glut_4,#FFBB99
3.28,2.071,0.2,SI-MA-LPO-LHA Skor1 Glut_5,#99B4FF
3.281,2.071,0.2,SI-MA-LPO-LHA Skor1 Glut_6,#CCA93D
3.282,2.071,0.2,SI-MA-LPO-LHA Skor1 Glut_7,#5C660F
3.283,2.071,0.2,SI-MA-LPO-LHA Skor1 Glut_8,#459099
3.284,2.072,0.2,LHA-MEA Otp Glut_1,#997A17
3.285,2.072,0.2,LHA-MEA Otp Glut_2,#947ACC
3.286,2.073,0.2,DMH Nkx2-4 Glut_1,#FF0026
3.287,2.073,0.2,DMH Nkx2-4 Glut_2,#7ACCC3
3.288,2.074,0.2,MPN-MPO-PVpo Hmx2 Glut_1,#FF262A
3.289,2.074,0.2,MPN-MPO-PVpo Hmx2 Glut_2,#CC009F
3.29,2.074,0.2,MPN-MPO-PVpo Hmx2 Glut_3,#00662A
3.291,2.074,0.2,MPN-MPO-PVpo Hmx2 Glut_4,#5A0F66
3.292,2.074,0.2,MPN-MPO-PVpo Hmx2 Glut_5,#FF8F26
3.293,2.074,0.2,MPN-MPO-PVpo Hmx2 Glut_6,#454F99
3.294,2.075,0.2,DMH Hmx2 Glut_1,#001066
3.295,2.075,0.2,DMH Hmx2 Glut_2,#FF00EA
3.296,2.076,0.2,ARH-PVp Tbx3 Glut_1,#75CC1F
3.297,2.076,0.2,ARH-PVp Tbx3 Glut_2,#660060
3.298,2.076,0.2,ARH-PVp Tbx3 Glut_3,#8CFF00
3.299,2.076,0.2,ARH-PVp Tbx3 Glut_4,#67995C
3.3,2.076,0.2,ARH-PVp Tbx3 Glut_5,#5A2E66
3.301,2.077,0.2,DMH-LHA Vgll2 Glut_1,#44663D
3.302,2.077,0.2,DMH-LHA Vgll2 Glut_2,#997A5C
3.303,2.077,0.2,DMH-LHA Vgll2 Glut_3,#995F5C
3.304,2.077,0.2,DMH-LHA Vgll2 Glut_4,#2E6636
3.305,2.078,0.2,VMH Fezf1 Glut_1,#66312E
3.306,2.078,0.2,VMH Fezf1 Glut_2,#38FF00
3.307,2.078,0.2,VMH Fezf1 Glut_3,#C75CCC
3.308,2.078,0.2,VMH Nr5a1 Glut_1,#006609
3.309,2.078,0.2,VMH Nr5a1 Glut_2,#00CCB9
3.31,2.078,0.2,VMH Nr5a1 Glut_3,#089900
3.311,2.078,0.2,VMH Nr5a1 Glut_4,#FF4826
3.312,2.078,0.2,VMH Nr5a1 Glut_5,#0075FF
3.313,2.078,0.2,VMH Nr5a1 Glut_6,#1F663F
3.314,2.079,0.2,LHA Pmch Glut_1,#CCB83D
3.315,2.079,0.2,LHA Pmch Glut_2,#003266
3.316,2.08,0.2,PVH-SO-PVa Otp Glut_1,#00C8CC
3.317,2.08,0.2,PVH-SO-PVa Otp Glut_2,#63663D
3.318,2.08,0.2,PVH-SO-PVa Otp Glut_3,#A6FF4D
3.319,2.08,0.2,PVH-SO-PVa Otp Glut_4,#FF73CB
3.32,2.08,0.2,PVH-SO-PVa Otp Glut_5,#827ACC
3.321,2.08,0.2,PVH-SO-PVa Otp Glut_6,#BB5CCC
3.322,2.081,0.2,STN-PSTN Pitx2 Glut_1,#81992E
3.323,2.081,0.2,STN-PSTN Pitx2 Glut_2,#CCBE00
3.324,2.081,0.2,STN-PSTN Pitx2 Glut_3,#661F5F
3.325,2.081,0.2,STN-PSTN Pitx2 Glut_4,#98FF26
3.326,2.081,0.2,STN-PSTN Pitx2 Glut_5,#00994C
3.327,2.081,0.2,STN-PSTN Pitx2 Glut_6,#0F2E66
3.328,2.081,0.2,STN-PSTN Pitx2 Glut_7,#66581F
3.329,2.082,0.2,PMv-TMv Pitx2 Glut_1,#00C9FF
3.33,2.082,0.2,PMv-TMv Pitx2 Glut_2,#2E3F66
3.331,2.082,0.2,PMv-TMv Pitx2 Glut_3,#660B00
3.332,2.083,0.2,PH-an Pitx2 Glut_1,#457499
3.333,2.083,0.2,PH-an Pitx2 Glut_2,#66562E
3.334,2.084,0.2,PH Pitx2 Glut_1,#00CC49
3.335,2.084,0.2,PH Pitx2 Glut_2,#C74DFF
3.336,2.085,0.2,PH-LHA Foxb1 Glut_1,#4C661F
3.337,2.085,0.2,PH-LHA Foxb1 Glut_2,#3D6640
3.338,2.085,0.2,PH-LHA Foxb1 Glut_3,#73FFE8
3.339,2.085,0.2,PH-LHA Foxb1 Glut_4,#5C6CCC
3.34,2.085,0.2,PH-LHA Foxb1 Glut_5,#4DFFDE
3.341,2.085,0.2,PH-LHA Foxb1 Glut_6,#5C9799
3.342,2.085,0.2,PH-LHA Foxb1 Glut_7,#66411F
3.343,2.086,0.2,PMd-LHA Foxb1 Glut_1,#A7CC7A
3.344,2.086,0.2,PMd-LHA Foxb1 Glut_2,#2E6649
3.345,2.086,0.2,PMd-LHA Foxb1 Glut_3,#994F17
3.346,2.087,0.2,PH-SUM Foxa1 Glut_1,#3DCC67
3.347,2.087,0.2,PH-SUM Foxa1 Glut_2,#996D5C
3.348,2.087,0.2,PH-SUM Foxa1 Glut_3,#2E664F
3.349,2.087,0.2,PH-SUM Foxa1 Glut_4,#9ECC7A
3.35,2.087,0.2,PH-SUM Foxa1 Glut_5,#995145
3.351,2.087,0.2,PH-SUM Foxa1 Glut_6,#B626FF
3.352,2.088,0.2,HY Gnrh1 Glut_1,#C23DCC
3.353,2.089,0.2,MM-ant Foxb1 Glut_1,#1F6647
3.354,2.09,0.2,MM Foxb1 Glut_1,#660034
3.355,2.09,0.2,MM Foxb1 Glut_2,#701FCC
3.356,2.091,0.2,MH Tac2 Glut_1,#661F30
3.357,2.091,0.2,MH Tac2 Glut_2,#1700FF
3.358,2.091,0.2,MH Tac2 Glut_3,#C8FF99
3.359,2.091,0.2,MH Tac2 Glut_4,#FF0096
3.36,2.091,0.2,MH Tac2 Glut_5,#CC7AA1
3.361,2.092,0.2,LH Pou4f1 Sox1 Glut_1,#5C9980
3.362,2.092,0.2,LH Pou4f1 Sox1 Glut_2,#003E99
3.363,2.092,0.2,LH Pou4f1 Sox1 Glut_3,#007099
3.364,2.092,0.2,LH Pou4f1 Sox1 Glut_4,#3D4066
3.365,2.093,0.2,AD Serpinb7 Glut_1,#990C00
3.366,2.094,0.2,AV Col27a1 Glut_1,#FF26B9
3.367,2.095,0.2,PVT-PT Ntrk1 Glut_1,#FFEB73
3.368,2.095,0.2,PVT-PT Ntrk1 Glut_2,#1F8CCC
3.369,2.095,0.2,PVT-PT Ntrk1 Glut_3,#FFBA4D
3.37,2.095,0.2,PVT-PT Ntrk1 Glut_4,#5C9900
3.371,2.095,0.2,PVT-PT Ntrk1 Glut_5,#995A45
3.372,2.095,0.2,PVT-PT Ntrk1 Glut_6,#FF99C1
3.373,2.096,0.2,CM-IAD-CL-PCN Sema5b Glut_1,#2E663D
3.374,2.096,0.2,CM-IAD-CL-PCN Sema5b Glut_2,#7ACCB1
3.375,2.096,0.2,CM-IAD-CL-PCN Sema5b Glut_3,#CC7D7A
3.376,2.096,0.2,CM-IAD-CL-PCN Sema5b Glut_4,#CC0A00
3.377,2.096,0.2,CM-IAD-CL-PCN Sema5b Glut_5,#00CC33
3.378,2.097,0.2,TH Prkcd Grin2c Glut_1,#0F6652
3.379,2.097,0.2,TH Prkcd Grin2c Glut_2,#A67ACC
3.38,2.097,0.2,TH Prkcd Grin2c Glut_3,#CC7ABC
3.381,2.097,0.2,TH Prkcd Grin2c Glut_4,#66311F
3.382,2.097,0.2,TH Prkcd Grin2c Glut_5,#4DBEFF
3.383,2.097,0.2,TH Prkcd Grin2c Glut_6,#5A3D66
3.384,2.097,0.2,TH Prkcd Grin2c Glut_7,#FF5F26
3.385,2.097,0.2,TH Prkcd Grin2c Glut_8,#42CC3D
3.386,2.097,0.2,TH Prkcd Grin2c Glut_9,#FFBD73
3.387,2.097,0.2,TH Prkcd Grin2c Glut_10,#9E26FF
3.388,2.097,0.2,TH Prkcd Grin2c Glut_11,#89995C
3.389,2.097,0.2,TH Prkcd Grin2c Glut_12,#543DCC
3.39,2.097,0.2,TH Prkcd Grin2c Glut_13,#CC1FA2
3.391,2.097,0.2,TH Prkcd Grin2c Glut_14,#7AC3CC
3.392,2.098,0.2,RE-Xi Nox4 Glut_1,#73FFF8
3.393,2.098,0.2,RE-Xi Nox4 Glut_2,#CC993D
3.394,2.098,0.2,RE-Xi Nox4 Glut_3,#991720
3.395,2.098,0.2,RE-Xi Nox4 Glut_4,#CC1F7C
3.396,2.099,0.2,MG-POL-SGN Nts Glut_1,#0E6600
3.397,2.099,0.2,MG-POL-SGN Nts Glut_2,#99472E
3.398,2.1,0.2,PF Fzd5 Glut_1,#454599
3.399,2.1,0.2,PF Fzd5 Glut_2,#CC1FB5
3.4,2.101,0.2,PRC-PAG Pax6 Glut_1,#99ECFF
3.401,2.101,0.2,PRC-PAG Pax6 Glut_2,#FF4D82
3.402,2.101,0.2,PRC-PAG Pax6 Glut_3,#FFD073
3.403,2.101,0.2,PRC-PAG Pax6 Glut_4,#996345
3.404,2.101,0.2,PRC-PAG Pax6 Glut_5,#176599
3.405,2.102,0.2,MB-ant-ve Dmrta2 Glut_1,#BA1FCC
3.406,2.103,0.2,RN Spp1 Glut_1,#73CA00
3.407,2.104,0.2,MRN-PAG Nkx6-1 Glut_1,#1F3FCC
3.408,2.104,0.2,MRN-PAG Nkx6-1 Glut_2,#CC5C87
3.409,2.105,0.2,IF-RL-CLI-PAG Foxa1 Glut_1,#99004E
3.41,2.105,0.2,IF-RL-CLI-PAG Foxa1 Glut_2,#FF6C4D
3.411,2.105,0.2,IF-RL-CLI-PAG Foxa1 Glut_3,#CD99FF
3.412,2.105,0.2,IF-RL-CLI-PAG Foxa1 Glut_4,#2E9997
3.413,2.105,0.2,IF-RL-CLI-PAG Foxa1 Glut_5,#995C63
3.414,2.106,0.2,PAG-SC Neurod2 Meis2 Glut_1,#996000
3.415,2.106,0.2,PAG-SC Neurod2 Meis2 Glut_2,#68f9d3
3.416,2.106,0.2,PAG-SC Neurod2 Meis2 Glut_3,#491799
3.417,2.106,0.2,PAG-SC Neurod2 Meis2 Glut_4,#f76ad1
3.418,2.107,0.2,PAG Pou4f3 Glut_1,#458699
3.419,2.107,0.2,PAG Pou4f3 Glut_2,#EEFF73
3.42,2.107,0.2,PAG Pou4f3 Glut_3,#5C5CCC
3.421,2.108,0.2,CUN Evx2 Lhx2 Glut_1,#CC0002
3.422,2.108,0.2,CUN Evx2 Lhx2 Glut_2,#461F66
3.423,2.108,0.2,CUN Evx2 Lhx2 Glut_3,#CC7AAA
3.424,2.108,0.2,CUN Evx2 Lhx2 Glut_4,#FF265A
3.425,2.108,0.2,CUN Evx2 Lhx2 Glut_5,#843DCC
3.426,2.109,0.2,APN C1ql2 Glut_1,#660F39
3.427,2.109,0.2,APN C1ql4 Glut_1,#3D4466
3.428,2.11,0.2,PAG-MRN Pou3f1 Glut_1,#CC4B3D
3.429,2.11,0.2,PAG-MRN Pou3f1 Glut_2,#26FFD2
3.43,2.11,0.2,PAG-MRN Pou3f1 Glut_3,#2E9948
3.431,2.11,0.2,PAG-MRN Pou3f1 Glut_4,#FFA24D
3.432,2.11,0.2,PAG-MRN Pou3f1 Glut_5,#FF00EE
3.433,2.11,0.2,PAG-MRN Pou3f1 Glut_6,#2A1FCC
3.434,2.11,0.2,PAG-MRN Tfap2b Glut_1,#00E5FF
3.435,2.111,0.2,PAG-MRN Tfap2b Glut_2,#3D84CC
3.436,2.112,0.2,PAG Pou4f1 Ebf2 Glut_1,#4D4599
3.437,2.112,0.2,PAG Pou4f1 Ebf2 Glut_2,#CC893D
3.438,2.112,0.2,PAG Pou4f1 Ebf2 Glut_3,#FF7600
3.439,2.112,0.2,PAG Pou4f1 Ebf2 Glut_4,#FEFF4D
3.44,2.112,0.2,PAG Pou4f1 Ebf2 Glut_5,#99932E
3.441,2.112,0.2,PAG Pou4f1 Ebf2 Glut_6,#9FCC1F
3.442,2.112,0.2,PAG Pou4f1 Ebf2 Glut_7,#E573FF
3.443,2.112,0.2,PAG Pou4f1 Ebf2 Glut_8,#422E66
3.444,2.113,0.2,PAG Pou4f2 Glut_1,#267F00
3.445,2.113,0.2,PAG Pou4f2 Glut_2,#99D5FF
3.446,2.113,0.2,PAG Pou4f2 Glut_3,#1CFF00
3.447,2.113,0.2,PAG Pou4f2 Glut_4,#CC6400
3.448,2.113,0.2,PAG Pou4f2 Glut_5,#99482E
3.449,2.114,0.2,PAG Pou4f2 Mesi2 Glut_1,#FFAF73
3.45,2.114,0.2,PAG Pou4f2 Mesi2 Glut_2,#66211F
3.451,2.114,0.2,PAG Pou4f2 Mesi2 Glut_3,#0058CC
3.452,2.114,0.2,PAG Pou4f2 Mesi2 Glut_4,#FF99CC
3.453,2.114,0.2,PAG Pou4f2 Mesi2 Glut_5,#2726FF
3.454,2.114,0.2,PAG Pou4f2 Mesi2 Glut_6,#689945
3.455,2.115,0.2,SC Bnc2 Glut_1,#FF73E6
3.456,2.115,0.2,SC Bnc2 Glut_2,#892E99
3.457,2.115,0.2,SC Bnc2 Glut_3,#00996E
3.458,2.115,0.2,SC Bnc2 Glut_4,#992E4B
3.459,2.116,0.2,SCig Foxb1 Glut_1,#CC9C5C
3.46,2.116,0.2,SCig Foxb1 Glut_2,#CC0019
3.461,2.116,0.2,SCig Foxb1 Glut_3,#1FCC4E
3.462,2.116,0.2,SCig Foxb1 Glut_4,#663D41
3.463,2.117,0.2,SCig-an-PPT Foxb1 Glut_1,#99E0FF
3.464,2.118,0.2,SCig Foxb1 Otx2 Glut_1,#001B66
3.465,2.119,0.2,SCdg-PAG Tfap2b Glut_1,#CCB35C
3.466,2.12,0.2,SCiw Pitx2 Glut_1,#51662E
3.467,2.12,0.2,SCiw Pitx2 Glut_2,#CC3D58
3.468,2.12,0.2,SCiw Pitx2 Glut_3,#4DE5FF
3.469,2.121,0.2,IC Tfap2d Maf Glut_1,#99992E
3.47,2.121,0.2,IC Tfap2d Maf Glut_2,#FF0021
3.471,2.121,0.2,IC Tfap2d Maf Glut_3,#E0FF00
3.472,2.121,0.2,IC Tfap2d Maf Glut_4,#5CCC73
3.473,2.121,0.2,IC Tfap2d Maf Glut_5,#1B9917
3.474,2.121,0.2,IC Tfap2d Maf Glut_6,#13d9f7
3.475,2.122,0.2,CUN-PPN Evx2 Meis2 Glut_1,#995D17
3.476,2.122,0.2,CUN-PPN Evx2 Meis2 Glut_2,#66573D
3.477,2.122,0.2,CUN-PPN Evx2 Meis2 Glut_3,#992E62
3.478,2.122,0.2,CUN-PPN Evx2 Meis2 Glut_4,#39FF26
3.479,2.122,0.2,CUN-PPN Evx2 Meis2 Glut_5,#187bdd
3.48,2.123,0.2,PBG Mtnr1a Glut-Chol_1,#d15c08
3.481,2.124,0.2,PAG Tcf24 Glut_1,#2685FF
3.482,2.125,0.2,SCig Tfap2b Chrnb3 Glut_1,#0F4166
3.483,2.126,0.2,SCop Pou4f2 Neurod2 Glut_1,#26FFEA
3.484,2.127,0.2,SCsg Pde5a Glut_1,#741799
3.485,2.127,0.2,SCsg Pde5a Glut_2,#662E3A
3.486,2.127,0.2,SCsg Pde5a Glut_3,#00CCA3
3.487,2.128,0.2,SCop Sln Glut_1,#CC8E5C
3.488,2.129,0.2,PAG Ucn Glut_1,#FFCC73
3.489,2.13,0.2,ND-INC Foxd2 Glut_1,#26FF2B
3.49,2.131,0.2,PAG-MRN Rln3 Gaba_1,#BDCC3D
3.491,2.132,0.2,PPN-CUN-PCG Otp En1 Gaba_1,#7BFF4D
3.492,2.132,0.2,PPN-CUN-PCG Otp En1 Gaba_2,#efcb15
3.493,2.132,0.2,PPN-CUN-PCG Otp En1 Gaba_3,#992E5B
3.494,2.133,0.2,MRN-PPN-CUN Pax8 Gaba_1,#FF9E73
3.495,2.133,0.2,MRN-PPN-CUN Pax8 Gaba_2,#00997E
3.496,2.133,0.2,MRN-PPN-CUN Pax8 Gaba_3,#070066
3.497,2.134,0.2,MRN-VTN-PPN Pax5 Cdh23 Gaba_1,#5C6600
3.498,2.134,0.2,MRN-VTN-PPN Pax5 Cdh23 Gaba_2,#979945
3.499,2.135,0.2,SNr-VTA Pax5 Npas1 Gaba_1,#FF7D4D
3.5,2.135,0.2,SNr-VTA Pax5 Npas1 Gaba_2,#1F1F66
3.501,2.136,0.2,PAG-PPN Pax5 Sox21 Gaba_1,#662E40
3.502,2.136,0.2,PAG-PPN Pax5 Sox21 Gaba_2,#550066
3.503,2.136,0.2,PAG-PPN Pax5 Sox21 Gaba_3,#CCBB7A
3.504,2.136,0.2,PAG-PPN Pax5 Sox21 Gaba_4,#2E995C
3.505,2.137,0.2,SNr Six3 Gaba_1,#66501F
3.506,2.138,0.2,IC Six3 En2 Gaba_1,#CC451F
3.507,2.138,0.2,IC Six3 En2 Gaba_2,#60995C
3.508,2.138,0.2,IC Six3 En2 Gaba_3,#44662E
3.509,2.138,0.2,IC Six3 En2 Gaba_4,#995C99
3.51,2.138,0.2,IC Six3 En2 Gaba_5,#17993E
3.511,2.138,0.2,IC Six3 En2 Gaba_6,#179099
3.512,2.138,0.2,IC Six3 En2 Gaba_7,#660055
3.513,2.139,0.2,PAG-MRN-RN Foxa2 Gaba_1,#00FF00
3.514,2.139,0.2,PAG-MRN-RN Foxa2 Gaba_2,#7B0099
3.515,2.139,0.2,PAG-MRN-RN Foxa2 Gaba_3,#3D74CC
3.516,2.139,0.2,PAG-MRN-RN Foxa2 Gaba_4,#8fb7ac
3.517,2.14,0.2,PAG-RN Nkx2-2 Otx1 Gaba_1,#1F79CC
3.518,2.14,0.2,PAG-RN Nkx2-2 Otx1 Gaba_2,#6A5C99
3.519,2.14,0.2,PAG-RN Nkx2-2 Otx1 Gaba_3,#4D663D
3.52,2.14,0.2,PAG-RN Nkx2-2 Otx1 Gaba_4,#73B9FF
3.521,2.14,0.2,PAG-RN Nkx2-2 Otx1 Gaba_5,#83CC7A
3.522,2.14,0.2,PAG-RN Nkx2-2 Otx1 Gaba_6,#FF4DBB
3.523,2.141,0.2,PRT Tcf7l2 Gaba_1,#5D3DCC
3.524,2.141,0.2,PRT Tcf7l2 Gaba_2,#3DCC77
3.525,2.141,0.2,PRT Tcf7l2 Gaba_3,#006635
3.526,2.141,0.2,PRT Tcf7l2 Gaba_4,#999DFF
3.527,2.141,0.2,PRT Tcf7l2 Gaba_5,#998E5C
3.528,2.142,0.2,SC Otx2 Gcnt4 Gaba_1,#9BCC1F
3.529,2.142,0.2,SC Otx2 Gcnt4 Gaba_2,#B9CC7A
3.53,2.143,0.2,SC-PAG Lef1 Emx2 Gaba_1,#173A99
3.531,2.143,0.2,SC-PAG Lef1 Emx2 Gaba_2,#0F3866
3.532,2.143,0.2,SC-PAG Lef1 Emx2 Gaba_3,#99000E
3.533,2.143,0.2,SC-PAG Lef1 Emx2 Gaba_4,#2E5E66
3.534,2.143,0.2,SC-PAG Lef1 Emx2 Gaba_5,#2E998B
3.535,2.144,0.2,SCm-PAG Cdh23 Gaba_1,#F8FF26
3.536,2.144,0.2,SCm-PAG Cdh23 Gaba_2,#98FF73
3.537,2.144,0.2,SCm-PAG Cdh23 Gaba_3,#1F5E66
3.538,2.144,0.2,SCm-PAG Cdh23 Gaba_4,#ffcce1
3.539,2.145,0.2,SCs Dmbx1 Gaba_1,#6CFF4D
3.54,2.145,0.2,SCs Dmbx1 Gaba_2,#1FCC74
3.541,2.145,0.2,SCs Dmbx1 Gaba_3,#1FC5CC
3.542,2.145,0.2,SCs Dmbx1 Gaba_4,#CA7ACC
3.543,2.145,0.2,SCs Dmbx1 Gaba_5,#CC00CC
3.544,2.146,0.2,SC Lef1 Otx2 Gaba_1,#CC755C
3.545,2.146,0.2,SC Lef1 Otx2 Gaba_2,#5C78CC
3.546,2.147,0.2,SCs Pax7 Nfia Gaba_1,#996A2E
3.547,2.147,0.2,SCs Pax7 Nfia Gaba_2,#4C3D66
3.548,2.147,0.2,SCs Pax7 Nfia Gaba_3,#4DFFBF
3.549,2.147,0.2,SCs Pax7 Nfia Gaba_4,#26FF43
3.55,2.147,0.2,SCs Pax7 Nfia Gaba_5,#CC1F31
3.551,2.148,0.2,PRT Mecom Gaba_1,#241FCC
3.552,2.148,0.2,PRT Mecom Gaba_2,#3DCC57
3.553,2.148,0.2,PRT Mecom Gaba_3,#994588
3.554,2.149,0.2,SC Tnnt1 Gli3 Gaba_1,#F800FF
3.555,2.149,0.2,SC Tnnt1 Gli3 Gaba_2,#459962
3.556,2.15,0.2,SCs Lef1 Gli3 Gaba_1,#D3FF99
3.557,2.15,0.2,SCs Lef1 Gli3 Gaba_2,#FF3200
3.558,2.15,0.2,SCs Lef1 Gli3 Gaba_3,#99456C
3.559,2.151,0.2,SCsg Gabrr2 Gaba_1,#66413D
3.56,2.151,0.2,SCsg Gabrr2 Gaba_2,#FFDC99
3.561,2.151,0.2,SCsg Gabrr2 Gaba_3,#200F66
3.562,2.151,0.2,SCsg Gabrr2 Gaba_4,#1F9FCC
3.563,2.151,0.2,SCsg Gabrr2 Gaba_5,#CCCB5C
3.564,2.152,0.2,IPN Otp Crisp1 Gaba_1,#C4CC00
3.565,2.152,0.2,IPN Otp Crisp1 Gaba_2,#003D66
3.566,2.152,0.2,IPN Otp Crisp1 Gaba_3,#FFE600
3.567,2.153,0.2,SNc-VTA-RAmb Foxa1 Dopa_1,#B1FF99
3.568,2.153,0.2,SNc-VTA-RAmb Foxa1 Dopa_2,#993217
3.569,2.153,0.2,SNc-VTA-RAmb Foxa1 Dopa_3,#73D8FF
3.57,2.153,0.2,SNc-VTA-RAmb Foxa1 Dopa_4,#662E4D
3.571,2.153,0.2,SNc-VTA-RAmb Foxa1 Dopa_5,#4500CC
3.572,2.153,0.2,SNc-VTA-RAmb Foxa1 Dopa_6,#FF99E2
3.573,2.153,0.2,SNc-VTA-RAmb Foxa1 Dopa_7,#3B1799
3.574,2.153,0.2,SNc-VTA-RAmb Foxa1 Dopa_8,#AECC00
3.575,2.154,0.2,PB Lmx1a Glut_1,#10CC00
3.576,2.154,0.2,PB Lmx1a Glut_2,#7ACC96
3.577,2.154,0.2,PB Lmx1a Glut_3,#C8FF26
3.578,2.154,0.2,PB Lmx1a Glut_4,#FC7300
3.579,2.154,0.2,PB Lmx1a Glut_5,#72CC3D
3.58,2.154,0.2,PB Lmx1a Glut_6,#7A7BCC
3.581,2.154,0.2,PB Lmx1a Glut_7,#63662E
3.582,2.155,0.2,PB-SUT Tlx3 Lhx2 Glut_1,#56663D
3.583,2.156,0.2,PB Pax5 Glut_1,#99885C
3.584,2.156,0.2,PB Pax5 Glut_2,#f4a63f
3.585,2.157,0.2,LDT-PCG Vsx2 Lhx4 Glut_1,#4A662E
3.586,2.157,0.2,LDT-PCG Vsx2 Lhx4 Glut_2,#662E5F
3.587,2.157,0.2,LDT-PCG Vsx2 Lhx4 Glut_3,#00CC60
3.588,2.157,0.2,LDT-PCG Vsx2 Lhx4 Glut_4,#FFA74D
3.589,2.157,0.2,LDT-PCG Vsx2 Lhx4 Glut_5,#F5FF4D
3.59,2.157,0.2,LDT-PCG Vsx2 Lhx4 Glut_6,#00CCC0
3.591,2.157,0.2,LDT-PCG Vsx2 Lhx4 Glut_7,#1FCC28
3.592,2.157,0.2,LDT-PCG Vsx2 Lhx4 Glut_8,#d1d11b
3.593,2.158,0.2,PB Evx2 Glut_1,#005D99
3.594,2.158,0.2,PB Evx2 Glut_2,#459974
3.595,2.158,0.2,PB Evx2 Glut_3,#FF99AA
3.596,2.158,0.2,PB Evx2 Glut_4,#7ACC8D
3.597,2.158,0.2,PB Evx2 Glut_5,#175799
3.598,2.158,0.2,PB Evx2 Glut_6,#8C4DFF
3.599,2.158,0.2,PB Evx2 Glut_7,#b9bfbe
3.6,2.158,0.2,PB Evx2 Glut_8,#FF0600
3.601,2.158,0.2,PB Evx2 Glut_9,#CCC15C
3.602,2.159,0.2,B-PB Nr4a2 Glut_1,#5CCCA0
3.603,2.16,0.2,PCG-PRNr Vsx2 Nkx6-1 Glut_1,#26FF5B
3.604,2.16,0.2,PCG-PRNr Vsx2 Nkx6-1 Glut_2,#CC5C7B
3.605,2.16,0.2,PCG-PRNr Vsx2 Nkx6-1 Glut_3,#C1CC1F
3.606,2.16,0.2,PCG-PRNr Vsx2 Nkx6-1 Glut_4,#B0CC7A
3.607,2.16,0.2,PCG-PRNr Vsx2 Nkx6-1 Glut_5,#991917
3.608,2.16,0.2,PCG-PRNr Vsx2 Nkx6-1 Glut_6,#8BFF73
3.609,2.161,0.2,PRNc-NI-SG-RPO Vsx2 Nr4a2 Glut_1,#FF4D6C
3.61,2.161,0.2,PRNc-NI-SG-RPO Vsx2 Nr4a2 Glut_2,#DEFF99
3.611,2.161,0.2,PRNc-NI-SG-RPO Vsx2 Nr4a2 Glut_3,#AA1FCC
3.612,2.161,0.2,PRNc-NI-SG-RPO Vsx2 Nr4a2 Glut_4,#009947
3.613,2.162,0.2,PRNc-PARN Tlx1 Glut_1,#e076d7
3.614,2.162,0.2,PRNc-PARN Tlx1 Glut_2,#73FFE4
3.615,2.162,0.2,PRNc-PARN Tlx1 Glut_3,#3DCC62
3.616,2.163,0.2,PB-PSV Phox2b Glut_1,#FF73FA
3.617,2.164,0.2,PSV Pvalb Lhx2 Glut_1,#7B995C
3.618,2.164,0.2,PSV Pvalb Lhx2 Glut_2,#2E8499
3.619,2.164,0.2,PSV Pvalb Lhx2 Glut_3,#FF00AE
3.62,2.164,0.2,PSV Pvalb Lhx2 Glut_4,#00995D
3.621,2.165,0.2,PB-NTS Phox2b Ebf3 Lmx1b Glut_1,#995C70
3.622,2.165,0.2,PB-NTS Phox2b Ebf3 Lmx1b Glut_2,#990052
3.623,2.166,0.2,PRNr Otp Nfib Glut_1,#36660F
3.624,2.167,0.2,IPN-LDT Vsx2 Nkx6-1 Glut_1,#7ACC84
3.625,2.167,0.2,IPN-LDT Vsx2 Nkx6-1 Glut_2,#26FF8B
3.626,2.168,0.2,LDT Vsx2 Nkx6-1 Nfib Glut_1,#6ACC5C
3.627,2.168,0.2,LDT Vsx2 Nkx6-1 Nfib Glut_2,#FF4DB1
3.628,2.169,0.2,NLL-SOC Spp1 Glut_1,#457B99
3.629,2.169,0.2,NLL-SOC Spp1 Glut_2,#990041
3.63,2.17,0.2,PG-TRN-LRN Fat2 Glut_1,#4DD1FF
3.631,2.171,0.2,IRN Vip Glut_1,#3D6649
3.632,2.172,0.2,PRP-NI-PRNc-GRN Otp Glut_1,#CC1F40
3.633,2.172,0.2,PRP-NI-PRNc-GRN Otp Glut_2,#8A1799
3.634,2.172,0.2,PRP-NI-PRNc-GRN Otp Glut_3,#196600
3.635,2.172,0.2,PRP-NI-PRNc-GRN Otp Glut_4,#73FFD5
3.636,2.173,0.2,NTS Phox2b Glut_1,#992800
3.637,2.173,0.2,NTS Phox2b Glut_2,#490099
3.638,2.173,0.2,NTS Phox2b Glut_3,#4EFF4D
3.639,2.173,0.2,NTS Phox2b Glut_4,#457D99
3.64,2.173,0.2,NTS Phox2b Glut_5,#CC641F
3.641,2.173,0.2,NTS Phox2b Glut_6,#664E3D
3.642,2.173,0.2,NTS Phox2b Glut_7,#581799
3.643,2.173,0.2,NTS Phox2b Glut_8,#50992E
3.644,2.173,0.2,NTS Phox2b Glut_9,#2E996C
3.645,2.173,0.2,NTS Phox2b Glut_10,#f2a14b
3.646,2.174,0.2,MARN-GRN Pyy Glut_1,#006657
3.647,2.175,0.2,MDRNv Lhx4 Qrfprl Glut_1,#49f490
3.648,2.176,0.2,NTS Mbnl3 Glut_1,#FF73E3
3.649,2.177,0.2,PGRNd Dmbx1 Glut_1,#513D66
3.65,2.178,0.2,PGRN-PARN-MDRN Hoxb5 Glut_1,#459987
3.651,2.178,0.2,PGRN-PARN-MDRN Hoxb5 Glut_2,#73FFD9
3.652,2.178,0.2,PGRN-PARN-MDRN Hoxb5 Glut_3,#2E6643
3.653,2.178,0.2,PGRN-PARN-MDRN Hoxb5 Glut_4,#990089
3.654,2.178,0.2,PGRN-PARN-MDRN Hoxb5 Glut_5,#3d72ed
3.655,2.178,0.2,PGRN-PARN-MDRN Hoxb5 Glut_6,#EFFF26
3.656,2.178,0.2,PGRN-PARN-MDRN Hoxb5 Glut_7,#743DCC
3.657,2.179,0.2,MV-SPIV Slc6a2 Glut_1,#88CC5C
3.658,2.18,0.2,SPVI-SPVC Tlx3 Ebf3 Glut_1,#eec9ff
3.659,2.18,0.2,SPVI-SPVC Tlx3 Ebf3 Glut_2,#C30000
3.66,2.18,0.2,SPVI-SPVC Tlx3 Ebf3 Glut_3,#003F00
3.661,2.18,0.2,SPVI-SPVC Tlx3 Ebf3 Glut_4,#45994F
3.662,2.18,0.2,SPVI-SPVC Tlx3 Ebf3 Glut_5,#002666
3.663,2.18,0.2,SPVI-SPVC Tlx3 Ebf3 Glut_6,#8973FF
3.664,2.18,0.2,SPVI-SPVC Tlx3 Ebf3 Glut_7,#A1FF26
3.665,2.181,0.2,CU-ECU-SPVI Foxb1 Glut_1,#004F99
3.666,2.181,0.2,CU-ECU-SPVI Foxb1 Glut_2,#FFEF26
3.667,2.181,0.2,CU-ECU-SPVI Foxb1 Glut_3,#66502E
3.668,2.181,0.2,CU-ECU-SPVI Foxb1 Glut_4,#006662
3.669,2.182,0.2,MV-SPIV Phox2b Ebf3 Lbx1 Glut_1,#661F40
3.67,2.182,0.2,MV-SPIV Phox2b Ebf3 Lbx1 Glut_2,#26EB00
3.671,2.182,0.2,MV-SPIV Phox2b Ebf3 Lbx1 Glut_3,#CC00C8
3.672,2.182,0.2,MV-SPIV Phox2b Ebf3 Lbx1 Glut_4,#CC1F5F
3.673,2.182,0.2,MV-SPIV Phox2b Ebf3 Lbx1 Glut_5,#0f8ee2
3.674,2.183,0.2,MV-SPIV Zic4 Neurod2 Glut_1,#73FF7C
3.675,2.183,0.2,MV-SPIV Zic4 Neurod2 Glut_2,#CC5C93
3.676,2.183,0.2,MV-SPIV Zic4 Neurod2 Glut_3,#179994
3.677,2.183,0.2,MV-SPIV Zic4 Neurod2 Glut_4,#e2dbff
3.678,2.183,0.2,MV-SPIV Zic4 Neurod2 Glut_5,#2E9968
3.679,2.184,0.2,NTS Aldh1a2 Glut_1,#352E66
3.68,2.185,0.2,CBN Neurod2 Pvalb Glut_1,#FFAD73
3.681,2.186,0.2,NTS Dbh Glut_1,#A33DCC
3.682,2.186,0.2,NTS Dbh Glut_2,#99665C
3.683,2.186,0.2,NTS Dbh Glut_3,#54FF00
3.684,2.186,0.2,NTS Dbh Glut_4,#3DB3CC
3.685,2.186,0.2,NTS Dbh Glut_5,#4DF9FF
3.686,2.186,0.2,NTS Dbh Glut_6,#66003F
3.687,2.187,0.2,DMX VII Tbx20 Chol_1,#665C2E
3.688,2.187,0.2,DMX VII Tbx20 Chol_2,#663D4E
3.689,2.188,0.2,IO Fgl2 Glut_1,#994581
3.69,2.189,0.2,VCO Mafa Meis2 Glut_1,#2E3699
3.691,2.189,0.2,VCO Mafa Meis2 Glut_2,#c9ea67
3.692,2.189,0.2,VCO Mafa Meis2 Glut_3,#991738
3.693,2.189,0.2,VCO Mafa Meis2 Glut_4,#5C7699
3.694,2.19,0.2,SPVO Mafa Meis2 Glut_1,#FF4D86
3.695,2.191,0.2,SPVC Mafa Glut_1,#64661F
3.696,2.191,0.2,SPVC Mafa Glut_2,#179985
3.697,2.192,0.2,SPVC Ccdc172 Glut_1,#26FCFF
3.698,2.193,0.2,SPVC Nmu Glut_1,#5DCC5C
3.699,2.193,0.2,SPVC Nmu Glut_2,#2E6466
3.7,2.194,0.2,MDRNd Bves Glut_1,#3E1F66
3.701,2.195,0.2,MDRNv Crp Glut_1,#99007A
3.702,2.196,0.2,HB Calcb Chol_1,#CACC3D
3.703,2.196,0.2,HB Calcb Chol_2,#179982
3.704,2.196,0.2,HB Calcb Chol_3,#87CC1F
3.705,2.196,0.2,HB Calcb Chol_4,#FF8B26
3.706,2.196,0.2,HB Calcb Chol_5,#3F663D
3.707,2.197,0.2,Pineal Crx Glut_1,#CCA65C
3.708,2.198,0.2,CS-RPO Meis2 Gaba_1,#00B0CC
3.709,2.198,0.2,CS-RPO Meis2 Gaba_2,#FF8673
3.71,2.198,0.2,CS-RPO Meis2 Gaba_3,#99004C
3.711,2.198,0.2,CS-RPO Meis2 Gaba_4,#70FF00
3.712,2.198,0.2,CS-RPO Meis2 Gaba_5,#6F3DCC
3.713,2.199,0.2,PRNc Otp Gly-Gaba_1,#CCC95C
3.714,2.199,0.2,PRNc Otp Gly-Gaba_2,#CC8A1F
3.715,2.199,0.2,PRNc Otp Gly-Gaba_3,#630F66
3.716,2.199,0.2,PRNc Otp Gly-Gaba_4,#CC3700
3.717,2.199,0.2,PRNc Otp Gly-Gaba_5,#3D86CC
3.718,2.2,0.2,PB Sst Gly-Gaba_1,#edc915
3.719,2.2,0.2,PB Sst Gly-Gaba_2,#7AA8CC
3.72,2.201,0.2,PRNc Prox1 Brs3 Gly-Gaba_1,#4DFFB7
3.721,2.202,0.2,CS-PRNr-DR En1 Sox2 Gaba_1,#5D1FCC
3.722,2.202,0.2,CS-PRNr-DR En1 Sox2 Gaba_2,#99A8FF
3.723,2.203,0.2,LDT Fgf7 Gaba_1,#FFC699
3.724,2.204,0.2,NI-RPO Gata3 Nr4a2 Gaba_1,#2E9939
3.725,2.204,0.2,NI-RPO Gata3 Nr4a2 Gaba_2,#CC3DA6
3.726,2.204,0.2,NI-RPO Gata3 Nr4a2 Gaba_3,#8B7ACC
3.727,2.204,0.2,NI-RPO Gata3 Nr4a2 Gaba_4,#992E7A
3.728,2.205,0.2,LDT-PCG-CS Gata3 Lhx1 Gaba_1,#1FCC00
3.729,2.205,0.2,LDT-PCG-CS Gata3 Lhx1 Gaba_2,#3A00CC
3.73,2.205,0.2,LDT-PCG-CS Gata3 Lhx1 Gaba_3,#FF4DC0
3.731,2.205,0.2,LDT-PCG-CS Gata3 Lhx1 Gaba_4,#CC695C
3.732,2.205,0.2,LDT-PCG-CS Gata3 Lhx1 Gaba_5,#002D99
3.733,2.206,0.2,PDTg-PCG Pax6 Gaba_1,#FF9073
3.734,2.206,0.2,PDTg-PCG Pax6 Gaba_2,#789900
3.735,2.206,0.2,PDTg-PCG Pax6 Gaba_3,#FF7F73
3.736,2.206,0.2,PDTg-PCG Pax6 Gaba_4,#FE26FF
3.737,2.207,0.2,PDTg Otp Shroom3 Gaba_1,#0F1B66
3.738,2.208,0.2,PDTg Otp Olig3 Gaba_1,#3DCCB6
3.739,2.209,0.2,LDT-PCG St18 Gaba_1,#1FB2CC
3.74,2.209,0.2,LDT-PCG St18 Gaba_2,#3A2E99
3.741,2.21,0.2,DTN-LDT-IPN Otp Pax3 Gaba_1,#459999
3.742,2.21,0.2,DTN-LDT-IPN Otp Pax3 Gaba_2,#2E1F66
3.743,2.21,0.2,DTN-LDT-IPN Otp Pax3 Gaba_3,#FF4DD5
3.744,2.21,0.2,DTN-LDT-IPN Otp Pax3 Gaba_4,#2E9974
3.745,2.21,0.2,DTN-LDT-IPN Otp Pax3 Gaba_5,#a4fcb2
3.746,2.211,0.2,NLL Gata3 Gly-Gaba_1,#7bb9ce
3.747,2.211,0.2,NLL Gata3 Gly-Gaba_2,#76CC00
3.748,2.211,0.2,NLL Gata3 Gly-Gaba_3,#f9db31
3.749,2.211,0.2,NLL Gata3 Gly-Gaba_4,#FF4D62
3.75,2.212,0.2,PSV Pax2 Gly-Gaba_1,#CC775C
3.751,2.212,0.2,PSV Pax2 Gly-Gaba_2,#FF4DEA
3.752,2.213,0.2,NLL-po Pax7 Gaba_1,#00FF55
3.753,2.214,0.2,POR Gata3 Gly-Gaba_1,#69FF26
3.754,2.215,0.2,POR Spp1 Gly-Gaba_1,#FF4DA0
3.755,2.216,0.2,PRP Otp Gly-Gaba_1,#994559
3.756,2.216,0.2,PRP Otp Gly-Gaba_2,#5D1F66
3.757,2.216,0.2,PRP Otp Gly-Gaba_3,#CC0089
3.758,2.216,0.2,PRP Otp Gly-Gaba_4,#459946
3.759,2.216,0.2,PRP Otp Gly-Gaba_5,#CC008A
3.76,2.217,0.2,GRN-IRN-MDRNd Ikzf1 Gly-Gaba_1,#3DCC3E
3.761,2.218,0.2,MY Lhx1 Gly-Gaba_1,#73FFD3
3.762,2.219,0.2,MY Lhx1 Gly-Gaba_2,#976df9
3.763,2.219,0.2,MY Lhx1 Gly-Gaba_3,#4D6300
3.764,2.219,0.2,MY Lhx1 Gly-Gaba_4,#FFD100
3.765,2.219,0.2,MY Lhx1 Gly-Gaba_5,#F4FF73
3.766,2.219,0.2,MY Lhx1 Gly-Gaba_6,#FF2B26
3.767,2.219,0.2,MY Lhx1 Gly-Gaba_7,#553DCC
3.768,2.219,0.2,MY Lhx1 Gly-Gaba_8,#FF674D
3.769,2.219,0.2,MY Lhx1 Gly-Gaba_9,#CC0047
3.77,2.22,0.2,PPY-PGRNl Vip Glyc-Gaba_1,#3D6DCC
3.771,2.221,0.2,MV-SPIV-PRP Dmbx1 Gly-Gaba_1,#FF7500
3.772,2.221,0.2,MV-SPIV-PRP Dmbx1 Gly-Gaba_2,#45996B
3.773,2.221,0.2,MV-SPIV-PRP Dmbx1 Gly-Gaba_3,#5CCCA4
3.774,2.222,0.2,MDRN Hoxb5 Ebf2 Gly-Gaba_1,#8E1799
3.775,2.223,0.2,MDRNd Prox1 Pax6 Gly-Gaba_1,#65660F
3.776,2.224,0.2,MY Prox1 Lmo7 Gly-Gaba_1,#3DCCBF
3.777,2.225,0.2,NTS-MDRNd Prox1 Zic1 Gly-Gaba_1,#4DFF7C
3.778,2.225,0.2,NTS-MDRNd Prox1 Zic1 Gly-Gaba_2,#992E8C
3.779,2.226,0.2,MV Nkx6-1 Gly-Gaba_1,#ccf9ff
3.78,2.226,0.2,MV Nkx6-1 Gly-Gaba_2,#FFF399
3.781,2.227,0.2,PAS-MV Ebf2 Gly-Gaba_1,#549917
3.782,2.228,0.2,PAS-MV Ebf2 Gly-Gaba_2,#FF4626
3.783,2.228,0.2,PAS-MV Ebf2 Gly-Gaba_3,#CC00B6
3.784,2.228,0.2,PAS-MV Ebf2 Gly-Gaba_4,#FF26A1
3.785,2.229,0.2,MV Pax6 Gly-Gaba_1,#1F6657
3.786,2.229,0.2,MV Pax6 Gly-Gaba_2,#174999
3.787,2.23,0.2,CBN Dmbx1 Gaba_1,#5C9994
3.788,2.231,0.2,RPA Pax6 Hoxb5 Gly-Gaba_1,#83e559
3.789,2.232,0.2,CU-ECU Pax2 Gly-Gaba_1,#661F4F
3.79,2.233,0.2,PRP Gata3 Slc6a5 Gly-Gaba_1,#999617
3.791,2.234,0.2,MARN-PPY Ngfr Gly-Gaba_1,#99FF73
3.792,2.235,0.2,PARN-MDRNd-NTS Gbx2 Gly-Gaba_1,#00CC93
3.793,2.235,0.2,PARN-MDRNd-NTS Gbx2 Gly-Gaba_2,#99FFC4
3.794,2.235,0.2,PARN-MDRNd-NTS Gbx2 Gly-Gaba_3,#45997D
3.795,2.235,0.2,PARN-MDRNd-NTS Gbx2 Gly-Gaba_4,#A1CC3D
3.796,2.235,0.2,PARN-MDRNd-NTS Gbx2 Gly-Gaba_5,#999245
3.797,2.235,0.2,PARN-MDRNd-NTS Gbx2 Gly-Gaba_6,#C000FF
3.798,2.235,0.2,PARN-MDRNd-NTS Gbx2 Gly-Gaba_7,#663D57
3.799,2.236,0.2,MV Nr4a2 Gly-Gaba_1,#3300FF
3.8,2.237,0.2,MV Xdh Gly-Gaba_1,#FFD199
3.801,2.238,0.2,IRN Dmbx1 Pax2 Gly-Gaba_1,#3D5666
3.802,2.239,0.2,NTS-PARN Neurod2 Gly-Gaba_1,#0015CC
3.803,2.239,0.2,NTS-PARN Neurod2 Gly-Gaba_2,#729945
3.804,2.239,0.2,NTS-PARN Neurod2 Gly-Gaba_3,#4E2E99
3.805,2.239,0.2,NTS-PARN Neurod2 Gly-Gaba_4,#3D6466
3.806,2.239,0.2,NTS-PARN Neurod2 Gly-Gaba_5,#5CCC8C
3.807,2.239,0.2,NTS-PARN Neurod2 Gly-Gaba_6,#663D65
3.808,2.24,0.2,SPVI-SPVC Sall3 Nfib Gly-Gaba_1,#4D6FFF
3.809,2.24,0.2,SPVI-SPVC Sall3 Nfib Gly-Gaba_2,#19660F
3.81,2.241,0.2,SPVI-SPVC Sall3 Lhx1 Gly-Gaba_1,#FF804D
3.811,2.241,0.2,SPVI-SPVC Sall3 Lhx1 Gly-Gaba_2,#998845
3.812,2.242,0.2,RO-RPA Pkd2l1 Gaba_1,#00FF71
3.813,2.243,0.2,DCO Il22 Gly-Gaba_1,#4E1F66
3.814,2.243,0.2,DCO Il22 Gly-Gaba_2,#E0FF26
3.815,2.243,0.2,DCO Il22 Gly-Gaba_3,#E626FF
3.816,2.244,0.2,CB PLI Gly-Gaba_1,#5CB6CC
3.817,2.244,0.2,CB PLI Gly-Gaba_2,#1F6628
3.818,2.244,0.2,CB PLI Gly-Gaba_3,#5D662E
3.819,2.244,0.2,CB PLI Gly-Gaba_4,#992F2E
3.82,2.245,0.2,CBX Golgi Gly-Gaba_1,#246600
3.821,2.246,0.2,CBX MLI Megf11 Gaba_1,#911799
3.822,2.246,0.2,CBX MLI Megf11 Gaba_2,#3DA4CC
3.823,2.247,0.2,CBX MLI Cdh22 Gaba_1,#5ddbdd
3.824,2.248,0.2,CBX Purkinje Gaba_1,#CC0030
3.825,2.248,0.2,CBX Purkinje Gaba_2,#177399
3.826,2.249,0.2,CB Granule Glut_1,#66632E
3.827,2.249,0.2,CB Granule Glut_2,#0F6635
3.828,2.25,0.2,DCO UBC Glut_1,#991769
3.829,2.251,0.2,Bergmann NN_1,#FFB526
3.83,2.252,0.2,Astro-CB NN_1,#350099
3.831,2.253,0.2,Astro-NT NN_1,#1F8ECC
3.832,2.253,0.2,Astro-NT NN_2,#FFB173
3.833,2.254,0.2,Astro-TE NN_1,#FF263B
3.834,2.254,0.2,Astro-TE NN_2,#a8afa5
3.835,2.254,0.2,Astro-TE NN_3,#604a55
3.836,2.254,0.2,Astro-TE NN_4,#B97300
3.837,2.254,0.2,Astro-TE NN_5,#26FF8F
3.838,2.255,0.2,Astro-OLF NN_1,#E17300
3.839,2.255,0.2,Astro-OLF NN_2,#A200CC
3.84,2.255,0.2,Astro-OLF NN_3,#00C7CC
3.841,2.256,0.2,Astroependymal NN_1,#FF003D
3.842,2.256,0.2,Astroependymal NN_2,#FFD873
3.843,2.256,0.2,Astroependymal NN_3,#26FFBF
3.844,2.257,0.2,Tanycyte NN_1,#86CC5C
3.845,2.257,0.2,Tanycyte NN_2,#ff99c8
3.846,2.257,0.2,Tanycyte NN_3,#f7f18a
3.847,2.258,0.2,Ependymal NN_1,#949945
3.848,2.258,0.2,Ependymal NN_2,#C5FF73
3.849,2.259,0.2,Hypendymal NN_1,#FF514D
3.85,2.26,0.2,CHOR NN_1,#CC0049
3.851,2.261,0.2,OPC NN_1,#564860
3.852,2.261,0.2,OPC NN_2,#609945
3.853,2.262,0.2,COP NN_1,#008199
3.854,2.262,0.2,NFOL NN_2,#1F6566
3.855,2.262,0.2,MFOL NN_3,#371FCC
3.856,2.262,0.2,MOL NN_4,#3D5266
3.857,2.263,0.2,OEC NN_1,#553D66
3.858,2.264,0.2,ABC NN_1,#66391F
3.859,2.265,0.2,VLMC NN_1,#4D5CFF
3.86,2.265,0.2,VLMC NN_2,#2E665B
3.861,2.265,0.2,VLMC NN_3,#FF99B6
3.862,2.265,0.2,VLMC NN_4,#2F00CC
3.863,2.266,0.2,Peri NN_1,#FF8F73
3.864,2.267,0.2,SMC NN_1,#00992A
3.865,2.268,0.2,Endo NN_1,#62CC3D
3.866,2.269,0.2,Microglia NN_1,#32662E
3.867,2.27,0.2,BAM NN_1,#C299FF
3.868,2.271,0.2,Monocytes NN_1,#FF999F
3.869,2.272,0.2,DC NN_1,#660028
3.87,2.273,0.2,B cells NN_1,#00CC1C
3.871,2.273,0.2,ILC NN_2,#99CAFF
3.872,2.273,0.2,NK cells NN_3,#995E2E
3.873,2.273,0.2,T cells NN_4,#995E2E
